inventory_date,store_id,product_id,stock_quantity,reorder_point,safety_stock,days_of_supply,last_replenishment_date
2026-02-28,S001,P0001,2,2,1,4.6,2026-02-22
2026-02-28,S001,P0002,2,2,1,11.5,2026-02-19
2026-02-28,S001,P0003,0,2,1,0.0,2026-02-18
2026-02-28,S001,P0004,0,2,1,0.0,2026-02-21
2026-02-28,S001,P0005,4,2,1,9.6,2026-02-24
2026-02-28,S001,P0006,0,2,1,0.0,2026-02-26
2026-02-28,S001,P0007,1,2,1,5.0,2026-02-20
2026-02-28,S001,P0008,2,2,1,6.3,2026-02-25
2026-02-28,S001,P0009,1,2,1,6.6,2026-02-28
2026-02-28,S001,P0010,0,2,1,0.0,2026-02-25
2026-02-28,S001,P0011,0,2,1,0.0,2026-02-24
2026-02-28,S001,P0012,0,2,1,0.0,2026-02-25
2026-02-28,S001,P0013,0,2,1,0.0,2026-02-27
2026-02-28,S001,P0014,1,2,1,2.6,2026-02-22
2026-02-28,S001,P0015,0,2,1,0.0,2026-02-18
2026-02-28,S001,P0016,2,2,1,10.7,2026-02-27
2026-02-28,S001,P0017,0,2,1,0.0,2026-02-21
2026-02-28,S001,P0018,2,2,1,4.7,2026-02-28
2026-02-28,S001,P0019,2,2,1,4.2,2026-02-22
2026-02-28,S001,P0020,0,2,1,0.0,2026-02-24
2026-02-28,S001,P0021,1,2,1,2.3,2026-02-25
2026-02-28,S001,P0022,0,2,1,0.0,2026-02-25
2026-02-28,S001,P0023,0,2,1,0.0,2026-02-21
2026-02-28,S001,P0024,4,2,1,10.6,2026-02-25
2026-02-28,S001,P0025,0,2,1,0.0,2026-02-26
2026-02-28,S001,P0026,0,2,1,0.0,2026-02-26
2026-02-28,S001,P0027,0,2,1,0.0,2026-02-21
2026-02-28,S001,P0028,0,2,1,0.0,2026-02-19
2026-02-28,S001,P0029,2,2,1,4.8,2026-02-26
2026-02-28,S001,P0030,0,2,1,0.0,2026-02-23
2026-02-28,S001,P0031,0,2,1,0.0,2026-02-22
2026-02-28,S001,P0032,1,2,1,2.1,2026-02-23
2026-02-28,S001,P0033,0,2,1,0.0,2026-02-23
2026-02-28,S001,P0034,0,2,1,0.0,2026-02-27
2026-02-28,S001,P0035,0,2,1,0.0,2026-02-20
2026-02-28,S001,P0036,0,2,1,0.0,2026-02-23
2026-02-28,S001,P0037,1,2,1,7.5,2026-02-23
2026-02-28,S001,P0038,0,2,1,0.0,2026-02-24
2026-02-28,S001,P0039,0,2,1,0.0,2026-02-19
2026-02-28,S001,P0040,0,2,1,0.0,2026-02-20
2026-02-28,S001,P0041,0,2,1,0.0,2026-02-25
2026-02-28,S001,P0042,0,2,1,0.0,2026-02-20
2026-02-28,S001,P0043,1,2,1,4.2,2026-02-22
2026-02-28,S001,P0044,0,2,1,0.0,2026-02-21
2026-02-28,S001,P0045,0,2,1,0.0,2026-02-24
2026-02-28,S001,P0046,0,2,1,0.0,2026-02-23
2026-02-28,S001,P0047,2,2,1,7.5,2026-02-18
2026-02-28,S001,P0048,0,2,1,0.0,2026-02-20
2026-02-28,S001,P0049,0,2,1,0.0,2026-02-18
2026-02-28,S001,P0050,1,2,1,3.7,2026-02-27
2026-02-28,S001,P0051,0,2,1,0.0,2026-02-18
2026-02-28,S001,P0052,1,2,1,5.0,2026-02-23
2026-02-28,S001,P0053,2,2,1,8.4,2026-02-25
2026-02-28,S001,P0054,0,2,1,0.0,2026-02-20
2026-02-28,S001,P0055,2,2,1,6.4,2026-02-22
2026-02-28,S001,P0056,1,2,1,10.0,2026-02-28
2026-02-28,S001,P0057,0,2,1,0.0,2026-02-25
2026-02-28,S001,P0058,0,2,1,0.0,2026-02-27
2026-02-28,S001,P0059,0,2,1,0.0,2026-02-18
2026-02-28,S001,P0060,0,2,1,0.0,2026-02-18
2026-02-28,S001,P0061,1,2,1,8.0,2026-02-25
2026-02-28,S001,P0062,0,2,1,0.0,2026-02-18
2026-02-28,S001,P0063,0,2,1,0.0,2026-02-19
2026-02-28,S001,P0064,2,2,1,6.5,2026-02-27
2026-02-28,S001,P0065,2,2,1,10.0,2026-02-23
2026-02-28,S001,P0066,0,2,1,0.0,2026-02-26
2026-02-28,S001,P0067,0,2,1,0.0,2026-02-19
2026-02-28,S001,P0068,1,2,1,7.5,2026-02-28
2026-02-28,S001,P0069,0,2,1,0.0,2026-02-20
2026-02-28,S001,P0070,0,2,1,0.0,2026-02-18
2026-02-28,S001,P0071,0,2,1,0.0,2026-02-21
2026-02-28,S001,P0072,1,2,1,5.9,2026-02-26
2026-02-28,S001,P0073,0,2,1,0.0,2026-02-26
2026-02-28,S001,P0074,2,2,1,10.4,2026-02-25
2026-02-28,S001,P0075,1,2,1,4.2,2026-02-25
2026-02-28,S001,P0076,3,2,1,12.4,2026-02-24
2026-02-28,S001,P0077,0,2,1,0.0,2026-02-26
2026-02-28,S001,P0078,0,2,1,0.0,2026-02-21
2026-02-28,S001,P0079,0,2,1,0.0,2026-02-24
2026-02-28,S001,P0080,0,2,1,0.0,2026-02-21
2026-02-28,S001,P0081,1,2,1,4.2,2026-02-27
2026-02-28,S001,P0082,0,2,1,0.0,2026-02-18
2026-02-28,S001,P0083,0,2,1,0.0,2026-02-21
2026-02-28,S001,P0084,0,2,1,0.0,2026-02-24
2026-02-28,S001,P0085,0,2,1,0.0,2026-02-23
2026-02-28,S001,P0086,1,2,1,6.5,2026-02-27
2026-02-28,S001,P0087,0,2,1,0.0,2026-02-24
2026-02-28,S001,P0088,1,2,1,10.0,2026-02-27
2026-02-28,S001,P0089,0,2,1,0.0,2026-02-20
2026-02-28,S001,P0090,0,2,1,0.0,2026-02-18
2026-02-28,S001,P0091,2,2,1,4.4,2026-02-23
2026-02-28,S001,P0092,1,2,1,4.4,2026-02-26
2026-02-28,S001,P0093,1,2,1,3.5,2026-02-20
2026-02-28,S001,P0094,3,3,1,6.0,2026-02-18
2026-02-28,S001,P0095,0,2,1,0.0,2026-02-20
2026-02-28,S001,P0096,2,2,1,7.0,2026-02-23
2026-02-28,S001,P0097,0,2,1,0.0,2026-02-23
2026-02-28,S001,P0098,1,2,1,30.0,2026-02-23
2026-02-28,S001,P0099,0,2,1,0.0,2026-02-27
2026-02-28,S001,P0100,0,2,1,0.0,2026-02-21
2026-02-28,S001,P0101,1,2,1,10.0,2026-02-21
2026-02-28,S001,P0102,2,2,1,5.3,2026-02-20
2026-02-28,S001,P0103,1,2,1,2.9,2026-02-28
2026-02-28,S001,P0104,1,2,1,5.4,2026-02-23
2026-02-28,S001,P0105,0,2,1,0.0,2026-02-27
2026-02-28,S001,P0106,3,2,1,7.5,2026-02-23
2026-02-28,S001,P0107,1,2,1,6.0,2026-02-19
2026-02-28,S001,P0108,0,2,1,0.0,2026-02-24
2026-02-28,S001,P0109,3,2,1,12.9,2026-02-19
2026-02-28,S001,P0110,1,2,1,2.9,2026-02-26
2026-02-28,S001,P0111,2,2,1,10.0,2026-02-20
2026-02-28,S001,P0112,1,2,1,10.0,2026-02-19
2026-02-28,S001,P0113,1,2,1,7.5,2026-02-26
2026-02-28,S001,P0114,0,2,1,0.0,2026-02-27
2026-02-28,S001,P0115,0,2,1,0.0,2026-02-21
2026-02-28,S001,P0116,0,2,1,0.0,2026-02-22
2026-02-28,S001,P0117,0,2,1,0.0,2026-02-25
2026-02-28,S001,P0118,0,2,1,0.0,2026-02-25
2026-02-28,S001,P0119,0,2,1,0.0,2026-02-27
2026-02-28,S001,P0120,1,2,1,7.5,2026-02-19
2026-02-28,S001,P0121,0,2,1,0.0,2026-02-25
2026-02-28,S001,P0122,0,2,1,0.0,2026-02-22
2026-02-28,S001,P0123,0,2,1,0.0,2026-02-23
2026-02-28,S001,P0124,1,2,1,6.1,2026-02-21
2026-02-28,S001,P0125,0,2,1,0.0,2026-02-27
2026-02-28,S001,P0126,0,2,1,0.0,2026-02-24
2026-02-28,S001,P0127,3,2,1,10.0,2026-02-20
2026-02-28,S001,P0128,0,2,1,0.0,2026-02-22
2026-02-28,S001,P0129,3,2,1,8.0,2026-02-28
2026-02-28,S001,P0130,0,2,1,0.0,2026-02-25
2026-02-28,S001,P0131,1,2,1,10.0,2026-02-24
2026-02-28,S001,P0132,0,2,1,0.0,2026-02-19
2026-02-28,S001,P0133,0,2,1,0.0,2026-02-26
2026-02-28,S001,P0134,1,2,1,5.0,2026-02-24
2026-02-28,S001,P0135,0,2,1,0.0,2026-02-24
2026-02-28,S001,P0136,3,2,1,9.5,2026-02-22
2026-02-28,S001,P0137,6,2,1,13.4,2026-02-26
2026-02-28,S001,P0138,0,2,1,0.0,2026-02-25
2026-02-28,S001,P0139,0,2,1,0.0,2026-02-23
2026-02-28,S001,P0140,0,2,1,0.0,2026-02-25
2026-02-28,S001,P0141,5,3,1,10.8,2026-02-24
2026-02-28,S001,P0142,0,2,1,0.0,2026-02-21
2026-02-28,S001,P0143,0,2,1,0.0,2026-02-20
2026-02-28,S001,P0144,0,2,1,0.0,2026-02-20
2026-02-28,S001,P0145,0,2,1,0.0,2026-02-21
2026-02-28,S001,P0146,0,2,1,0.0,2026-02-21
2026-02-28,S001,P0147,2,2,1,5.5,2026-02-27
2026-02-28,S001,P0148,2,2,1,4.1,2026-02-24
2026-02-28,S001,P0149,0,2,1,0.0,2026-02-22
2026-02-28,S001,P0150,1,2,1,30.0,2026-02-27
2026-02-28,S001,P0151,0,2,1,0.0,2026-02-20
2026-02-28,S001,P0152,0,2,1,0.0,2026-02-22
2026-02-28,S001,P0153,0,2,1,0.0,2026-02-21
2026-02-28,S001,P0154,0,2,1,0.0,2026-02-22
2026-02-28,S001,P0155,0,2,1,0.0,2026-02-27
2026-02-28,S001,P0156,1,2,1,3.5,2026-02-25
2026-02-28,S001,P0157,4,2,1,10.8,2026-02-25
2026-02-28,S001,P0158,0,2,1,0.0,2026-02-23
2026-02-28,S001,P0159,3,2,1,11.1,2026-02-18
2026-02-28,S001,P0160,1,2,1,6.0,2026-02-28
2026-02-28,S001,P0161,0,2,1,0.0,2026-02-20
2026-02-28,S001,P0162,0,2,1,0.0,2026-02-27
2026-02-28,S001,P0163,1,2,1,4.1,2026-02-28
2026-02-28,S001,P0164,0,2,1,0.0,2026-02-26
2026-02-28,S001,P0165,0,2,1,0.0,2026-02-20
2026-02-28,S001,P0166,0,2,1,0.0,2026-02-21
2026-02-28,S001,P0167,0,2,1,0.0,2026-02-21
2026-02-28,S001,P0168,0,2,1,0.0,2026-02-22
2026-02-28,S001,P0169,5,2,1,12.7,2026-02-26
2026-02-28,S001,P0170,1,2,1,8.1,2026-02-22
2026-02-28,S001,P0171,2,2,1,8.0,2026-02-22
2026-02-28,S001,P0172,0,2,1,0.0,2026-02-21
2026-02-28,S001,P0173,6,2,1,13.3,2026-02-25
2026-02-28,S001,P0174,0,2,1,0.0,2026-02-23
2026-02-28,S001,P0175,0,2,1,0.0,2026-02-27
2026-02-28,S001,P0176,0,2,1,0.0,2026-02-26
2026-02-28,S001,P0177,0,2,1,0.0,2026-02-22
2026-02-28,S001,P0178,0,2,1,0.0,2026-02-22
2026-02-28,S001,P0179,4,2,1,9.2,2026-02-19
2026-02-28,S001,P0180,0,2,1,0.0,2026-02-23
2026-02-28,S001,P0181,1,2,1,7.9,2026-02-27
2026-02-28,S001,P0182,1,2,1,10.0,2026-02-25
2026-02-28,S001,P0183,2,2,1,4.3,2026-02-22
2026-02-28,S001,P0184,2,2,1,7.0,2026-02-20
2026-02-28,S001,P0185,0,2,1,0.0,2026-02-20
2026-02-28,S001,P0186,0,2,1,0.0,2026-02-25
2026-02-28,S001,P0187,3,2,1,11.2,2026-02-19
2026-02-28,S001,P0188,0,2,1,0.0,2026-02-18
2026-02-28,S001,P0189,2,2,1,4.6,2026-02-21
2026-02-28,S001,P0190,1,2,1,30.0,2026-02-22
2026-02-28,S001,P0191,0,2,1,0.0,2026-02-20
2026-02-28,S001,P0192,3,2,1,12.6,2026-02-25
2026-02-28,S002,P0001,0,2,1,0.0,2026-02-22
2026-02-28,S002,P0002,2,2,1,5.2,2026-02-23
2026-02-28,S002,P0003,2,2,1,5.9,2026-02-18
2026-02-28,S002,P0004,0,2,1,0.0,2026-02-28
2026-02-28,S002,P0005,0,2,1,0.0,2026-02-26
2026-02-28,S002,P0006,2,2,1,4.5,2026-02-26
2026-02-28,S002,P0007,0,2,1,0.0,2026-02-21
2026-02-28,S002,P0008,2,2,1,5.7,2026-02-25
2026-02-28,S002,P0009,0,2,1,0.0,2026-02-25
2026-02-28,S002,P0010,0,2,1,0.0,2026-02-23
2026-02-28,S002,P0011,0,2,1,0.0,2026-02-28
2026-02-28,S002,P0012,0,2,1,0.0,2026-02-25
2026-02-28,S002,P0013,0,2,1,0.0,2026-02-18
2026-02-28,S002,P0014,2,2,1,6.7,2026-02-20
2026-02-28,S002,P0015,0,2,1,0.0,2026-02-23
2026-02-28,S002,P0016,0,2,1,0.0,2026-02-22
2026-02-28,S002,P0017,1,2,1,7.5,2026-02-20
2026-02-28,S002,P0018,0,2,1,0.0,2026-02-21
2026-02-28,S002,P0019,0,2,1,0.0,2026-02-19
2026-02-28,S002,P0020,0,2,1,0.0,2026-02-26
2026-02-28,S002,P0021,4,3,1,8.2,2026-02-27
2026-02-28,S002,P0022,0,2,1,0.0,2026-02-27
2026-02-28,S002,P0023,1,2,1,2.1,2026-02-24
2026-02-28,S002,P0024,3,3,1,6.2,2026-02-28
2026-02-28,S002,P0025,0,2,1,0.0,2026-02-23
2026-02-28,S002,P0026,3,2,1,6.2,2026-02-22
2026-02-28,S002,P0027,1,2,1,7.5,2026-02-26
2026-02-28,S002,P0028,1,2,1,9.0,2026-02-18
2026-02-28,S002,P0029,4,2,1,8.4,2026-02-23
2026-02-28,S002,P0030,2,2,1,4.6,2026-02-26
2026-02-28,S002,P0031,1,2,1,7.5,2026-02-25
2026-02-28,S002,P0032,2,2,1,7.3,2026-02-24
2026-02-28,S002,P0033,1,2,1,7.5,2026-02-19
2026-02-28,S002,P0034,0,2,1,0.0,2026-02-22
2026-02-28,S002,P0035,0,2,1,0.0,2026-02-28
2026-02-28,S002,P0036,1,2,1,10.0,2026-02-25
2026-02-28,S002,P0037,5,2,1,10.9,2026-02-20
2026-02-28,S002,P0038,0,2,1,0.0,2026-02-24
2026-02-28,S002,P0039,1,2,1,4.3,2026-02-24
2026-02-28,S002,P0040,3,2,1,8.5,2026-02-20
2026-02-28,S002,P0041,0,2,1,0.0,2026-02-28
2026-02-28,S002,P0042,0,2,1,0.0,2026-02-23
2026-02-28,S002,P0043,5,2,1,10.5,2026-02-21
2026-02-28,S002,P0044,0,2,1,0.0,2026-02-23
2026-02-28,S002,P0045,2,2,1,4.8,2026-02-22
2026-02-28,S002,P0046,0,2,1,0.0,2026-02-18
2026-02-28,S002,P0047,0,2,1,0.0,2026-02-22
2026-02-28,S002,P0048,0,2,1,0.0,2026-02-24
2026-02-28,S002,P0049,0,2,1,0.0,2026-02-21
2026-02-28,S002,P0050,0,2,1,0.0,2026-02-24
2026-02-28,S002,P0051,0,2,1,0.0,2026-02-27
2026-02-28,S002,P0052,2,2,1,6.7,2026-02-25
2026-02-28,S002,P0053,0,2,1,0.0,2026-02-24
2026-02-28,S002,P0054,0,2,1,0.0,2026-02-23
2026-02-28,S002,P0055,0,2,1,0.0,2026-02-22
2026-02-28,S002,P0056,0,2,1,0.0,2026-02-20
2026-02-28,S002,P0057,1,2,1,10.0,2026-02-20
2026-02-28,S002,P0058,0,2,1,0.0,2026-02-23
2026-02-28,S002,P0059,4,2,1,9.5,2026-02-18
2026-02-28,S002,P0060,1,2,1,5.0,2026-02-23
2026-02-28,S002,P0061,1,2,1,10.0,2026-02-27
2026-02-28,S002,P0062,0,2,1,0.0,2026-02-23
2026-02-28,S002,P0063,0,2,1,0.0,2026-02-21
2026-02-28,S002,P0064,0,2,1,0.0,2026-02-18
2026-02-28,S002,P0065,3,3,1,6.6,2026-02-25
2026-02-28,S002,P0066,0,2,1,0.0,2026-02-23
2026-02-28,S002,P0067,0,2,1,0.0,2026-02-25
2026-02-28,S002,P0068,3,2,1,10.0,2026-02-22
2026-02-28,S002,P0069,0,2,1,0.0,2026-02-25
2026-02-28,S002,P0070,1,2,1,10.0,2026-02-26
2026-02-28,S002,P0071,0,2,1,0.0,2026-02-18
2026-02-28,S002,P0072,0,2,1,0.0,2026-02-27
2026-02-28,S002,P0073,4,2,1,11.0,2026-02-18
2026-02-28,S002,P0074,0,2,1,0.0,2026-02-24
2026-02-28,S002,P0075,0,2,1,0.0,2026-02-19
2026-02-28,S002,P0076,2,2,1,8.2,2026-02-19
2026-02-28,S002,P0077,0,2,1,0.0,2026-02-23
2026-02-28,S002,P0078,1,2,1,5.7,2026-02-22
2026-02-28,S002,P0079,0,2,1,0.0,2026-02-25
2026-02-28,S002,P0080,0,2,1,0.0,2026-02-21
2026-02-28,S002,P0081,0,2,1,0.0,2026-02-19
2026-02-28,S002,P0082,1,2,1,6.5,2026-02-19
2026-02-28,S002,P0083,0,2,1,0.0,2026-02-28
2026-02-28,S002,P0084,1,2,1,10.0,2026-02-23
2026-02-28,S002,P0085,0,2,1,0.0,2026-02-20
2026-02-28,S002,P0086,0,2,1,0.0,2026-02-18
2026-02-28,S002,P0087,1,2,1,5.5,2026-02-24
2026-02-28,S002,P0088,0,2,1,0.0,2026-02-27
2026-02-28,S002,P0089,0,2,1,0.0,2026-02-23
2026-02-28,S002,P0090,0,2,1,0.0,2026-02-22
2026-02-28,S002,P0091,0,2,1,0.0,2026-02-27
2026-02-28,S002,P0092,1,2,1,2.5,2026-02-21
2026-02-28,S002,P0093,2,2,1,7.0,2026-02-21
2026-02-28,S002,P0094,2,2,1,4.9,2026-02-26
2026-02-28,S002,P0095,1,2,1,4.9,2026-02-24
2026-02-28,S002,P0096,1,2,1,2.1,2026-02-27
2026-02-28,S002,P0097,0,2,1,0.0,2026-02-23
2026-02-28,S002,P0098,1,2,1,4.2,2026-02-27
2026-02-28,S002,P0099,2,2,1,4.3,2026-02-19
2026-02-28,S002,P0100,1,2,1,7.5,2026-02-18
2026-02-28,S002,P0101,2,2,1,12.4,2026-02-22
2026-02-28,S002,P0102,0,2,1,0.0,2026-02-21
2026-02-28,S002,P0103,1,2,1,10.0,2026-02-22
2026-02-28,S002,P0104,0,2,1,0.0,2026-02-28
2026-02-28,S002,P0105,0,2,1,0.0,2026-02-20
2026-02-28,S002,P0106,5,2,1,12.5,2026-02-27
2026-02-28,S002,P0107,1,2,1,5.0,2026-02-25
2026-02-28,S002,P0108,0,2,1,0.0,2026-02-28
2026-02-28,S002,P0109,0,2,1,0.0,2026-02-20
2026-02-28,S002,P0110,0,2,1,0.0,2026-02-27
2026-02-28,S002,P0111,0,2,1,0.0,2026-02-20
2026-02-28,S002,P0112,0,2,1,0.0,2026-02-19
2026-02-28,S002,P0113,1,2,1,10.0,2026-02-24
2026-02-28,S002,P0114,0,2,1,0.0,2026-02-19
2026-02-28,S002,P0115,4,2,1,12.0,2026-02-18
2026-02-28,S002,P0116,3,2,1,9.0,2026-02-21
2026-02-28,S002,P0117,4,2,1,9.0,2026-02-19
2026-02-28,S002,P0118,5,2,1,10.8,2026-02-27
2026-02-28,S002,P0119,0,2,1,0.0,2026-02-21
2026-02-28,S002,P0120,0,2,1,0.0,2026-02-24
2026-02-28,S002,P0121,0,2,1,0.0,2026-02-23
2026-02-28,S002,P0122,2,2,1,5.5,2026-02-28
2026-02-28,S002,P0123,2,2,1,12.5,2026-02-22
2026-02-28,S002,P0124,0,2,1,0.0,2026-02-27
2026-02-28,S002,P0125,0,2,1,0.0,2026-02-26
2026-02-28,S002,P0126,0,2,1,0.0,2026-02-23
2026-02-28,S002,P0127,1,2,1,7.5,2026-02-27
2026-02-28,S002,P0128,0,2,1,0.0,2026-02-24
2026-02-28,S002,P0129,0,2,1,0.0,2026-02-24
2026-02-28,S002,P0130,1,2,1,5.0,2026-02-28
2026-02-28,S002,P0131,0,2,1,0.0,2026-02-19
2026-02-28,S002,P0132,0,2,1,0.0,2026-02-28
2026-02-28,S002,P0133,0,2,1,0.0,2026-02-20
2026-02-28,S002,P0134,0,2,1,0.0,2026-02-25
2026-02-28,S002,P0135,2,2,1,5.4,2026-02-23
2026-02-28,S002,P0136,0,2,1,0.0,2026-02-28
2026-02-28,S002,P0137,0,2,1,0.0,2026-02-21
2026-02-28,S002,P0138,1,2,1,10.0,2026-02-20
2026-02-28,S002,P0139,0,2,1,0.0,2026-02-22
2026-02-28,S002,P0140,1,2,1,30.0,2026-02-18
2026-02-28,S002,P0141,0,2,1,0.0,2026-02-24
2026-02-28,S002,P0142,4,2,1,8.3,2026-02-27
2026-02-28,S002,P0143,0,2,1,0.0,2026-02-21
2026-02-28,S002,P0144,2,2,1,7.7,2026-02-24
2026-02-28,S002,P0145,0,2,1,0.0,2026-02-22
2026-02-28,S002,P0146,0,2,1,0.0,2026-02-27
2026-02-28,S002,P0147,0,2,1,0.0,2026-02-22
2026-02-28,S002,P0148,1,2,1,7.5,2026-02-20
2026-02-28,S002,P0149,0,2,1,0.0,2026-02-20
2026-02-28,S002,P0150,3,2,1,6.4,2026-02-23
2026-02-28,S002,P0151,0,2,1,0.0,2026-02-18
2026-02-28,S002,P0152,0,2,1,0.0,2026-02-20
2026-02-28,S002,P0153,1,2,1,30.0,2026-02-28
2026-02-28,S002,P0154,0,2,1,0.0,2026-02-22
2026-02-28,S002,P0155,2,2,1,12.0,2026-02-23
2026-02-28,S002,P0156,0,2,1,0.0,2026-02-22
2026-02-28,S002,P0157,0,2,1,0.0,2026-02-28
2026-02-28,S002,P0158,2,2,1,12.0,2026-02-27
2026-02-28,S002,P0159,0,2,1,0.0,2026-02-19
2026-02-28,S002,P0160,0,2,1,0.0,2026-02-22
2026-02-28,S002,P0161,1,2,1,7.5,2026-02-27
2026-02-28,S002,P0162,1,2,1,10.0,2026-02-28
2026-02-28,S002,P0163,2,2,1,4.3,2026-02-27
2026-02-28,S002,P0164,1,2,1,2.3,2026-02-27
2026-02-28,S002,P0165,3,2,1,7.6,2026-02-27
2026-02-28,S002,P0166,0,2,1,0.0,2026-02-25
2026-02-28,S002,P0167,2,3,1,4.1,2026-02-22
2026-02-28,S002,P0168,0,2,1,0.0,2026-02-26
2026-02-28,S002,P0169,2,2,1,8.9,2026-02-26
2026-02-28,S002,P0170,0,2,1,0.0,2026-02-26
2026-02-28,S002,P0171,0,2,1,0.0,2026-02-23
2026-02-28,S002,P0172,3,3,1,6.1,2026-02-24
2026-02-28,S002,P0173,1,2,1,3.9,2026-02-20
2026-02-28,S002,P0174,0,2,1,0.0,2026-02-28
2026-02-28,S002,P0175,0,2,1,0.0,2026-02-22
2026-02-28,S002,P0176,1,2,1,10.0,2026-02-20
2026-02-28,S002,P0177,0,2,1,0.0,2026-02-20
2026-02-28,S002,P0178,0,2,1,0.0,2026-02-23
2026-02-28,S002,P0179,0,2,1,0.0,2026-02-25
2026-02-28,S002,P0180,1,2,1,15.0,2026-02-22
2026-02-28,S002,P0181,4,2,1,8.9,2026-02-26
2026-02-28,S002,P0182,0,2,1,0.0,2026-02-27
2026-02-28,S002,P0183,1,2,1,10.0,2026-02-19
2026-02-28,S002,P0184,0,2,1,0.0,2026-02-20
2026-02-28,S002,P0185,0,2,1,0.0,2026-02-23
2026-02-28,S002,P0186,0,2,1,0.0,2026-02-20
2026-02-28,S002,P0187,4,2,1,10.5,2026-02-24
2026-02-28,S002,P0188,0,2,1,0.0,2026-02-28
2026-02-28,S002,P0189,0,2,1,0.0,2026-02-24
2026-02-28,S002,P0190,0,2,1,0.0,2026-02-18
2026-02-28,S002,P0191,0,2,1,0.0,2026-02-23
2026-02-28,S002,P0192,1,2,1,2.1,2026-02-18
2026-02-28,S003,P0001,0,2,1,0.0,2026-02-19
2026-02-28,S003,P0002,0,2,1,0.0,2026-02-27
2026-02-28,S003,P0003,4,2,1,9.1,2026-02-21
2026-02-28,S003,P0004,0,2,1,0.0,2026-02-20
2026-02-28,S003,P0005,0,2,1,0.0,2026-02-24
2026-02-28,S003,P0006,0,2,1,0.0,2026-02-22
2026-02-28,S003,P0007,0,2,1,0.0,2026-02-22
2026-02-28,S003,P0008,1,2,1,7.9,2026-02-20
2026-02-28,S003,P0009,3,2,1,6.2,2026-02-28
2026-02-28,S003,P0010,0,2,1,0.0,2026-02-25
2026-02-28,S003,P0011,0,2,1,0.0,2026-02-26
2026-02-28,S003,P0012,0,2,1,0.0,2026-02-22
2026-02-28,S003,P0013,1,2,1,7.1,2026-02-28
2026-02-28,S003,P0014,1,2,1,2.1,2026-02-19
2026-02-28,S003,P0015,1,2,1,7.3,2026-02-26
2026-02-28,S003,P0016,0,2,1,0.0,2026-02-22
2026-02-28,S003,P0017,0,2,1,0.0,2026-02-22
2026-02-28,S003,P0018,1,2,1,2.5,2026-02-19
2026-02-28,S003,P0019,0,2,1,0.0,2026-02-22
2026-02-28,S003,P0020,1,2,1,2.3,2026-02-19
2026-02-28,S003,P0021,2,2,1,7.3,2026-02-18
2026-02-28,S003,P0022,2,2,1,7.6,2026-02-22
2026-02-28,S003,P0023,3,2,1,11.7,2026-02-27
2026-02-28,S003,P0024,0,2,1,0.0,2026-02-18
2026-02-28,S003,P0025,3,2,1,7.3,2026-02-23
2026-02-28,S003,P0026,2,2,1,10.6,2026-02-22
2026-02-28,S003,P0027,0,2,1,0.0,2026-02-24
2026-02-28,S003,P0028,3,2,1,10.6,2026-02-19
2026-02-28,S003,P0029,1,2,1,10.0,2026-02-19
2026-02-28,S003,P0030,2,2,1,10.3,2026-02-18
2026-02-28,S003,P0031,1,2,1,3.6,2026-02-21
2026-02-28,S003,P0032,1,2,1,30.0,2026-02-20
2026-02-28,S003,P0033,0,2,1,0.0,2026-02-24
2026-02-28,S003,P0034,0,2,1,0.0,2026-02-20
2026-02-28,S003,P0035,1,2,1,7.9,2026-02-22
2026-02-28,S003,P0036,1,2,1,2.7,2026-02-24
2026-02-28,S003,P0037,1,2,1,7.5,2026-02-27
2026-02-28,S003,P0038,5,2,1,10.3,2026-02-24
2026-02-28,S003,P0039,0,2,1,0.0,2026-02-24
2026-02-28,S003,P0040,0,2,1,0.0,2026-02-22
2026-02-28,S003,P0041,1,2,1,10.0,2026-02-21
2026-02-28,S003,P0042,4,2,1,12.5,2026-02-18
2026-02-28,S003,P0043,1,3,1,2.1,2026-02-24
2026-02-28,S003,P0044,0,2,1,0.0,2026-02-20
2026-02-28,S003,P0045,0,2,1,0.0,2026-02-27
2026-02-28,S003,P0046,0,2,1,0.0,2026-02-21
2026-02-28,S003,P0047,0,2,1,0.0,2026-02-27
2026-02-28,S003,P0048,0,2,1,0.0,2026-02-27
2026-02-28,S003,P0049,0,2,1,0.0,2026-02-18
2026-02-28,S003,P0050,1,2,1,4.2,2026-02-22
2026-02-28,S003,P0051,0,2,1,0.0,2026-02-19
2026-02-28,S003,P0052,2,2,1,12.0,2026-02-24
2026-02-28,S003,P0053,0,2,1,0.0,2026-02-23
2026-02-28,S003,P0054,0,2,1,0.0,2026-02-27
2026-02-28,S003,P0055,1,2,1,4.1,2026-02-19
2026-02-28,S003,P0056,0,2,1,0.0,2026-02-18
2026-02-28,S003,P0057,0,2,1,0.0,2026-02-18
2026-02-28,S003,P0058,1,2,1,3.6,2026-02-21
2026-02-28,S003,P0059,0,2,1,0.0,2026-02-19
2026-02-28,S003,P0060,3,2,1,11.3,2026-02-25
2026-02-28,S003,P0061,2,2,1,7.5,2026-02-23
2026-02-28,S003,P0062,3,2,1,7.5,2026-02-22
2026-02-28,S003,P0063,1,2,1,8.6,2026-02-18
2026-02-28,S003,P0064,1,2,1,30.0,2026-02-26
2026-02-28,S003,P0065,3,2,1,7.2,2026-02-20
2026-02-28,S003,P0066,0,2,1,0.0,2026-02-21
2026-02-28,S003,P0067,0,2,1,0.0,2026-02-25
2026-02-28,S003,P0068,3,2,1,12.9,2026-02-28
2026-02-28,S003,P0069,0,2,1,0.0,2026-02-24
2026-02-28,S003,P0070,0,2,1,0.0,2026-02-22
2026-02-28,S003,P0071,0,2,1,0.0,2026-02-28
2026-02-28,S003,P0072,1,2,1,4.9,2026-02-24
2026-02-28,S003,P0073,1,2,1,5.8,2026-02-21
2026-02-28,S003,P0074,0,2,1,0.0,2026-02-21
2026-02-28,S003,P0075,1,2,1,2.1,2026-02-18
2026-02-28,S003,P0076,0,2,1,0.0,2026-02-26
2026-02-28,S003,P0077,0,2,1,0.0,2026-02-22
2026-02-28,S003,P0078,0,2,1,0.0,2026-02-26
2026-02-28,S003,P0079,1,2,1,2.7,2026-02-27
2026-02-28,S003,P0080,3,2,1,6.5,2026-02-20
2026-02-28,S003,P0081,0,2,1,0.0,2026-02-21
2026-02-28,S003,P0082,1,2,1,4.8,2026-02-28
2026-02-28,S003,P0083,0,2,1,0.0,2026-02-27
2026-02-28,S003,P0084,0,2,1,0.0,2026-02-28
2026-02-28,S003,P0085,0,2,1,0.0,2026-02-28
2026-02-28,S003,P0086,2,2,1,6.9,2026-02-19
2026-02-28,S003,P0087,1,2,1,3.2,2026-02-27
2026-02-28,S003,P0088,1,2,1,2.5,2026-02-19
2026-02-28,S003,P0089,0,2,1,0.0,2026-02-18
2026-02-28,S003,P0090,0,2,1,0.0,2026-02-20
2026-02-28,S003,P0091,0,2,1,0.0,2026-02-25
2026-02-28,S003,P0092,2,2,1,8.7,2026-02-28
2026-02-28,S003,P0093,0,2,1,0.0,2026-02-27
2026-02-28,S003,P0094,0,2,1,0.0,2026-02-25
2026-02-28,S003,P0095,1,2,1,2.1,2026-02-25
2026-02-28,S003,P0096,0,2,1,0.0,2026-02-25
2026-02-28,S003,P0097,1,2,1,2.7,2026-02-25
2026-02-28,S003,P0098,4,2,1,12.3,2026-02-28
2026-02-28,S003,P0099,4,3,1,8.2,2026-02-19
2026-02-28,S003,P0100,3,2,1,11.6,2026-02-25
2026-02-28,S003,P0101,0,2,1,0.0,2026-02-27
2026-02-28,S003,P0102,1,2,1,5.5,2026-02-24
2026-02-28,S003,P0103,0,2,1,0.0,2026-02-22
2026-02-28,S003,P0104,1,2,1,4.0,2026-02-20
2026-02-28,S003,P0105,0,2,1,0.0,2026-02-27
2026-02-28,S003,P0106,1,2,1,5.0,2026-02-28
2026-02-28,S003,P0107,0,2,1,0.0,2026-02-25
2026-02-28,S003,P0108,0,2,1,0.0,2026-02-24
2026-02-28,S003,P0109,1,2,1,7.5,2026-02-20
2026-02-28,S003,P0110,1,2,1,5.0,2026-02-27
2026-02-28,S003,P0111,1,2,1,7.5,2026-02-25
2026-02-28,S003,P0112,0,2,1,0.0,2026-02-22
2026-02-28,S003,P0113,0,2,1,0.0,2026-02-22
2026-02-28,S003,P0114,0,2,1,0.0,2026-02-20
2026-02-28,S003,P0115,1,2,1,2.4,2026-02-21
2026-02-28,S003,P0116,0,2,1,0.0,2026-02-21
2026-02-28,S003,P0117,0,2,1,0.0,2026-02-27
2026-02-28,S003,P0118,0,2,1,0.0,2026-02-25
2026-02-28,S003,P0119,0,2,1,0.0,2026-02-22
2026-02-28,S003,P0120,1,2,1,4.6,2026-02-20
2026-02-28,S003,P0121,0,2,1,0.0,2026-02-20
2026-02-28,S003,P0122,0,2,1,0.0,2026-02-21
2026-02-28,S003,P0123,1,2,1,7.5,2026-02-23
2026-02-28,S003,P0124,3,2,1,6.9,2026-02-22
2026-02-28,S003,P0125,0,2,1,0.0,2026-02-21
2026-02-28,S003,P0126,0,2,1,0.0,2026-02-19
2026-02-28,S003,P0127,1,2,1,6.0,2026-02-21
2026-02-28,S003,P0128,2,2,1,4.9,2026-02-23
2026-02-28,S003,P0129,0,2,1,0.0,2026-02-19
2026-02-28,S003,P0130,0,2,1,0.0,2026-02-28
2026-02-28,S003,P0131,0,2,1,0.0,2026-02-18
2026-02-28,S003,P0132,0,2,1,0.0,2026-02-23
2026-02-28,S003,P0133,2,2,1,8.2,2026-02-23
2026-02-28,S003,P0134,0,2,1,0.0,2026-02-23
2026-02-28,S003,P0135,1,2,1,15.0,2026-02-23
2026-02-28,S003,P0136,3,2,1,7.0,2026-02-22
2026-02-28,S003,P0137,0,2,1,0.0,2026-02-23
2026-02-28,S003,P0138,0,2,1,0.0,2026-02-22
2026-02-28,S003,P0139,0,2,1,0.0,2026-02-20
2026-02-28,S003,P0140,0,2,1,0.0,2026-02-24
2026-02-28,S003,P0141,0,2,1,0.0,2026-02-24
2026-02-28,S003,P0142,0,2,1,0.0,2026-02-21
2026-02-28,S003,P0143,4,2,1,11.7,2026-02-26
2026-02-28,S003,P0144,0,2,1,0.0,2026-02-22
2026-02-28,S003,P0145,1,2,1,7.1,2026-02-28
2026-02-28,S003,P0146,3,3,1,6.3,2026-02-27
2026-02-28,S003,P0147,0,2,1,0.0,2026-02-27
2026-02-28,S003,P0148,2,3,1,4.5,2026-02-27
2026-02-28,S003,P0149,0,2,1,0.0,2026-02-23
2026-02-28,S003,P0150,0,2,1,0.0,2026-02-18
2026-02-28,S003,P0151,2,2,1,7.5,2026-02-21
2026-02-28,S003,P0152,0,2,1,0.0,2026-02-19
2026-02-28,S003,P0153,4,2,1,10.1,2026-02-23
2026-02-28,S003,P0154,0,2,1,0.0,2026-02-28
2026-02-28,S003,P0155,0,2,1,0.0,2026-02-27
2026-02-28,S003,P0156,0,2,1,0.0,2026-02-20
2026-02-28,S003,P0157,0,2,1,0.0,2026-02-20
2026-02-28,S003,P0158,0,2,1,0.0,2026-02-22
2026-02-28,S003,P0159,1,2,1,6.1,2026-02-26
2026-02-28,S003,P0160,0,2,1,0.0,2026-02-20
2026-02-28,S003,P0161,1,2,1,6.6,2026-02-18
2026-02-28,S003,P0162,1,2,1,30.0,2026-02-21
2026-02-28,S003,P0163,0,2,1,0.0,2026-02-28
2026-02-28,S003,P0164,1,2,1,4.8,2026-02-22
2026-02-28,S003,P0165,0,2,1,0.0,2026-02-27
2026-02-28,S003,P0166,0,2,1,0.0,2026-02-23
2026-02-28,S003,P0167,0,2,1,0.0,2026-02-28
2026-02-28,S003,P0168,1,2,1,2.0,2026-02-24
2026-02-28,S003,P0169,0,2,1,0.0,2026-02-28
2026-02-28,S003,P0170,4,2,1,10.5,2026-02-22
2026-02-28,S003,P0171,3,2,1,9.9,2026-02-22
2026-02-28,S003,P0172,2,2,1,6.7,2026-02-21
2026-02-28,S003,P0173,3,2,1,8.7,2026-02-23
2026-02-28,S003,P0174,0,2,1,0.0,2026-02-18
2026-02-28,S003,P0175,0,2,1,0.0,2026-02-19
2026-02-28,S003,P0176,0,2,1,0.0,2026-02-21
2026-02-28,S003,P0177,0,2,1,0.0,2026-02-27
2026-02-28,S003,P0178,0,2,1,0.0,2026-02-26
2026-02-28,S003,P0179,3,2,1,11.4,2026-02-27
2026-02-28,S003,P0180,0,2,1,0.0,2026-02-28
2026-02-28,S003,P0181,0,2,1,0.0,2026-02-28
2026-02-28,S003,P0182,5,2,1,10.4,2026-02-20
2026-02-28,S003,P0183,3,2,1,7.4,2026-02-21
2026-02-28,S003,P0184,1,2,1,3.5,2026-02-20
2026-02-28,S003,P0185,0,2,1,0.0,2026-02-19
2026-02-28,S003,P0186,0,2,1,0.0,2026-02-23
2026-02-28,S003,P0187,1,2,1,6.4,2026-02-24
2026-02-28,S003,P0188,0,2,1,0.0,2026-02-23
2026-02-28,S003,P0189,0,2,1,0.0,2026-02-21
2026-02-28,S003,P0190,0,2,1,0.0,2026-02-25
2026-02-28,S003,P0191,1,2,1,4.8,2026-02-23
2026-02-28,S003,P0192,0,2,1,0.0,2026-02-28
2026-02-28,S004,P0001,0,2,1,0.0,2026-02-22
2026-02-28,S004,P0002,0,2,1,0.0,2026-02-24
2026-02-28,S004,P0003,0,2,1,0.0,2026-02-25
2026-02-28,S004,P0004,1,2,1,6.9,2026-02-26
2026-02-28,S004,P0005,0,2,1,0.0,2026-02-27
2026-02-28,S004,P0006,1,2,1,9.0,2026-02-23
2026-02-28,S004,P0007,0,2,1,0.0,2026-02-25
2026-02-28,S004,P0008,1,2,1,6.0,2026-02-27
2026-02-28,S004,P0009,0,2,1,0.0,2026-02-24
2026-02-28,S004,P0010,0,2,1,0.0,2026-02-23
2026-02-28,S004,P0011,4,2,1,10.8,2026-02-28
2026-02-28,S004,P0012,4,2,1,9.7,2026-02-27
2026-02-28,S004,P0013,0,2,1,0.0,2026-02-25
2026-02-28,S004,P0014,0,2,1,0.0,2026-02-27
2026-02-28,S004,P0015,2,2,1,7.7,2026-02-21
2026-02-28,S004,P0016,0,2,1,0.0,2026-02-28
2026-02-28,S004,P0017,0,2,1,0.0,2026-02-19
2026-02-28,S004,P0018,0,2,1,0.0,2026-02-27
2026-02-28,S004,P0019,0,2,1,0.0,2026-02-18
2026-02-28,S004,P0020,4,2,1,8.3,2026-02-25
2026-02-28,S004,P0021,0,2,1,0.0,2026-02-23
2026-02-28,S004,P0022,0,2,1,0.0,2026-02-27
2026-02-28,S004,P0023,0,2,1,0.0,2026-02-26
2026-02-28,S004,P0024,0,2,1,0.0,2026-02-23
2026-02-28,S004,P0025,2,2,1,10.2,2026-02-19
2026-02-28,S004,P0026,2,2,1,5.0,2026-02-25
2026-02-28,S004,P0027,0,2,1,0.0,2026-02-18
2026-02-28,S004,P0028,0,2,1,0.0,2026-02-25
2026-02-28,S004,P0029,0,2,1,0.0,2026-02-25
2026-02-28,S004,P0030,1,2,1,3.1,2026-02-26
2026-02-28,S004,P0031,2,2,1,4.6,2026-02-26
2026-02-28,S004,P0032,3,2,1,6.3,2026-02-21
2026-02-28,S004,P0033,0,2,1,0.0,2026-02-27
2026-02-28,S004,P0034,0,2,1,0.0,2026-02-27
2026-02-28,S004,P0035,3,3,1,6.2,2026-02-18
2026-02-28,S004,P0036,0,2,1,0.0,2026-02-20
2026-02-28,S004,P0037,0,2,1,0.0,2026-02-23
2026-02-28,S004,P0038,2,2,1,10.8,2026-02-19
2026-02-28,S004,P0039,0,2,1,0.0,2026-02-21
2026-02-28,S004,P0040,0,2,1,0.0,2026-02-24
2026-02-28,S004,P0041,0,2,1,0.0,2026-02-20
2026-02-28,S004,P0042,1,2,1,2.9,2026-02-26
2026-02-28,S004,P0043,1,2,1,2.5,2026-02-22
2026-02-28,S004,P0044,0,2,1,0.0,2026-02-21
2026-02-28,S004,P0045,0,2,1,0.0,2026-02-27
2026-02-28,S004,P0046,0,2,1,0.0,2026-02-23
2026-02-28,S004,P0047,0,2,1,0.0,2026-02-28
2026-02-28,S004,P0048,0,2,1,0.0,2026-02-20
2026-02-28,S004,P0049,3,2,1,9.0,2026-02-25
2026-02-28,S004,P0050,0,2,1,0.0,2026-02-22
2026-02-28,S004,P0051,0,2,1,0.0,2026-02-27
2026-02-28,S004,P0052,1,2,1,3.0,2026-02-27
2026-02-28,S004,P0053,0,2,1,0.0,2026-02-25
2026-02-28,S004,P0054,0,2,1,0.0,2026-02-23
2026-02-28,S004,P0055,0,2,1,0.0,2026-02-28
2026-02-28,S004,P0056,1,2,1,2.1,2026-02-20
2026-02-28,S004,P0057,4,2,1,8.3,2026-02-21
2026-02-28,S004,P0058,1,2,1,10.0,2026-02-19
2026-02-28,S004,P0059,0,2,1,0.0,2026-02-18
2026-02-28,S004,P0060,1,2,1,7.5,2026-02-26
2026-02-28,S004,P0061,0,2,1,0.0,2026-02-26
2026-02-28,S004,P0062,0,2,1,0.0,2026-02-19
2026-02-28,S004,P0063,1,2,1,10.0,2026-02-22
2026-02-28,S004,P0064,0,2,1,0.0,2026-02-18
2026-02-28,S004,P0065,0,2,1,0.0,2026-02-25
2026-02-28,S004,P0066,0,2,1,0.0,2026-02-28
2026-02-28,S004,P0067,0,2,1,0.0,2026-02-20
2026-02-28,S004,P0068,1,2,1,6.0,2026-02-27
2026-02-28,S004,P0069,0,2,1,0.0,2026-02-19
2026-02-28,S004,P0070,0,2,1,0.0,2026-02-19
2026-02-28,S004,P0071,4,2,1,10.6,2026-02-23
2026-02-28,S004,P0072,0,2,1,0.0,2026-02-25
2026-02-28,S004,P0073,0,2,1,0.0,2026-02-23
2026-02-28,S004,P0074,1,2,1,4.2,2026-02-21
2026-02-28,S004,P0075,1,2,1,4.6,2026-02-22
2026-02-28,S004,P0076,0,2,1,0.0,2026-02-20
2026-02-28,S004,P0077,0,2,1,0.0,2026-02-26
2026-02-28,S004,P0078,0,2,1,0.0,2026-02-27
2026-02-28,S004,P0079,1,2,1,6.7,2026-02-19
2026-02-28,S004,P0080,1,2,1,9.8,2026-02-26
2026-02-28,S004,P0081,1,2,1,2.1,2026-02-23
2026-02-28,S004,P0082,0,2,1,0.0,2026-02-27
2026-02-28,S004,P0083,0,2,1,0.0,2026-02-24
2026-02-28,S004,P0084,0,2,1,0.0,2026-02-18
2026-02-28,S004,P0085,0,2,1,0.0,2026-02-18
2026-02-28,S004,P0086,0,2,1,0.0,2026-02-28
2026-02-28,S004,P0087,0,2,1,0.0,2026-02-25
2026-02-28,S004,P0088,1,2,1,2.5,2026-02-18
2026-02-28,S004,P0089,1,2,1,3.0,2026-02-25
2026-02-28,S004,P0090,0,2,1,0.0,2026-02-20
2026-02-28,S004,P0091,0,2,1,0.0,2026-02-19
2026-02-28,S004,P0092,5,2,1,12.3,2026-02-24
2026-02-28,S004,P0093,0,2,1,0.0,2026-02-26
2026-02-28,S004,P0094,1,2,1,7.5,2026-02-19
2026-02-28,S004,P0095,1,2,1,10.0,2026-02-23
2026-02-28,S004,P0096,0,2,1,0.0,2026-02-22
2026-02-28,S004,P0097,0,2,1,0.0,2026-02-21
2026-02-28,S004,P0098,3,2,1,11.3,2026-02-28
2026-02-28,S004,P0099,0,2,1,0.0,2026-02-20
2026-02-28,S004,P0100,3,2,1,9.1,2026-02-21
2026-02-28,S004,P0101,3,2,1,6.8,2026-02-21
2026-02-28,S004,P0102,0,2,1,0.0,2026-02-19
2026-02-28,S004,P0103,0,2,1,0.0,2026-02-21
2026-02-28,S004,P0104,4,2,1,12.3,2026-02-20
2026-02-28,S004,P0105,3,2,1,12.4,2026-02-27
2026-02-28,S004,P0106,3,3,1,6.9,2026-02-22
2026-02-28,S004,P0107,1,2,1,6.0,2026-02-26
2026-02-28,S004,P0108,0,2,1,0.0,2026-02-20
2026-02-28,S004,P0109,0,2,1,0.0,2026-02-19
2026-02-28,S004,P0110,0,2,1,0.0,2026-02-23
2026-02-28,S004,P0111,0,2,1,0.0,2026-02-24
2026-02-28,S004,P0112,0,2,1,0.0,2026-02-26
2026-02-28,S004,P0113,1,2,1,5.0,2026-02-25
2026-02-28,S004,P0114,0,2,1,0.0,2026-02-23
2026-02-28,S004,P0115,1,2,1,5.0,2026-02-20
2026-02-28,S004,P0116,0,2,1,0.0,2026-02-18
2026-02-28,S004,P0117,0,2,1,0.0,2026-02-26
2026-02-28,S004,P0118,1,2,1,3.7,2026-02-21
2026-02-28,S004,P0119,0,2,1,0.0,2026-02-20
2026-02-28,S004,P0120,2,2,1,10.0,2026-02-18
2026-02-28,S004,P0121,0,2,1,0.0,2026-02-20
2026-02-28,S004,P0122,0,2,1,0.0,2026-02-25
2026-02-28,S004,P0123,1,2,1,5.7,2026-02-28
2026-02-28,S004,P0124,0,2,1,0.0,2026-02-24
2026-02-28,S004,P0125,0,2,1,0.0,2026-02-28
2026-02-28,S004,P0126,0,2,1,0.0,2026-02-23
2026-02-28,S004,P0127,0,2,1,0.0,2026-02-22
2026-02-28,S004,P0128,0,2,1,0.0,2026-02-24
2026-02-28,S004,P0129,0,2,1,0.0,2026-02-18
2026-02-28,S004,P0130,0,2,1,0.0,2026-02-20
2026-02-28,S004,P0131,1,2,1,6.0,2026-02-20
2026-02-28,S004,P0132,1,2,1,4.3,2026-02-26
2026-02-28,S004,P0133,1,2,1,2.1,2026-02-25
2026-02-28,S004,P0134,0,2,1,0.0,2026-02-20
2026-02-28,S004,P0135,4,2,1,9.6,2026-02-26
2026-02-28,S004,P0136,3,2,1,6.5,2026-02-27
2026-02-28,S004,P0137,0,2,1,0.0,2026-02-24
2026-02-28,S004,P0138,0,2,1,0.0,2026-02-20
2026-02-28,S004,P0139,0,2,1,0.0,2026-02-28
2026-02-28,S004,P0140,0,2,1,0.0,2026-02-26
2026-02-28,S004,P0141,0,2,1,0.0,2026-02-20
2026-02-28,S004,P0142,4,2,1,8.8,2026-02-28
2026-02-28,S004,P0143,0,2,1,0.0,2026-02-19
2026-02-28,S004,P0144,0,2,1,0.0,2026-02-22
2026-02-28,S004,P0145,0,2,1,0.0,2026-02-21
2026-02-28,S004,P0146,0,2,1,0.0,2026-02-22
2026-02-28,S004,P0147,0,2,1,0.0,2026-02-21
2026-02-28,S004,P0148,0,2,1,0.0,2026-02-26
2026-02-28,S004,P0149,0,2,1,0.0,2026-02-28
2026-02-28,S004,P0150,0,2,1,0.0,2026-02-27
2026-02-28,S004,P0151,4,2,1,10.7,2026-02-19
2026-02-28,S004,P0152,0,2,1,0.0,2026-02-20
2026-02-28,S004,P0153,5,2,1,11.6,2026-02-19
2026-02-28,S004,P0154,1,2,1,4.1,2026-02-19
2026-02-28,S004,P0155,0,2,1,0.0,2026-02-19
2026-02-28,S004,P0156,4,2,1,8.9,2026-02-28
2026-02-28,S004,P0157,0,2,1,0.0,2026-02-26
2026-02-28,S004,P0158,3,2,1,10.0,2026-02-22
2026-02-28,S004,P0159,2,2,1,12.0,2026-02-28
2026-02-28,S004,P0160,0,2,1,0.0,2026-02-27
2026-02-28,S004,P0161,0,2,1,0.0,2026-02-19
2026-02-28,S004,P0162,0,2,1,0.0,2026-02-21
2026-02-28,S004,P0163,0,2,1,0.0,2026-02-21
2026-02-28,S004,P0164,0,2,1,0.0,2026-02-18
2026-02-28,S004,P0165,0,2,1,0.0,2026-02-22
2026-02-28,S004,P0166,2,2,1,9.3,2026-02-19
2026-02-28,S004,P0167,0,2,1,0.0,2026-02-25
2026-02-28,S004,P0168,5,2,1,12.9,2026-02-28
2026-02-28,S004,P0169,0,2,1,0.0,2026-02-20
2026-02-28,S004,P0170,0,2,1,0.0,2026-02-27
2026-02-28,S004,P0171,2,2,1,7.6,2026-02-23
2026-02-28,S004,P0172,3,2,1,9.8,2026-02-24
2026-02-28,S004,P0173,0,2,1,0.0,2026-02-20
2026-02-28,S004,P0174,0,2,1,0.0,2026-02-26
2026-02-28,S004,P0175,2,3,1,4.1,2026-02-18
2026-02-28,S004,P0176,0,2,1,0.0,2026-02-19
2026-02-28,S004,P0177,0,2,1,0.0,2026-02-24
2026-02-28,S004,P0178,5,2,1,11.9,2026-02-20
2026-02-28,S004,P0179,4,2,1,11.4,2026-02-20
2026-02-28,S004,P0180,1,2,1,30.0,2026-02-21
2026-02-28,S004,P0181,0,2,1,0.0,2026-02-28
2026-02-28,S004,P0182,0,2,1,0.0,2026-02-18
2026-02-28,S004,P0183,0,2,1,0.0,2026-02-27
2026-02-28,S004,P0184,1,2,1,15.0,2026-02-20
2026-02-28,S004,P0185,0,2,1,0.0,2026-02-24
2026-02-28,S004,P0186,0,2,1,0.0,2026-02-26
2026-02-28,S004,P0187,0,2,1,0.0,2026-02-23
2026-02-28,S004,P0188,0,2,1,0.0,2026-02-23
2026-02-28,S004,P0189,0,2,1,0.0,2026-02-26
2026-02-28,S004,P0190,4,2,1,11.6,2026-02-28
2026-02-28,S004,P0191,0,2,1,0.0,2026-02-24
2026-02-28,S004,P0192,2,2,1,5.7,2026-02-18
2026-02-28,S005,P0001,0,2,1,0.0,2026-02-21
2026-02-28,S005,P0002,0,2,1,0.0,2026-02-26
2026-02-28,S005,P0003,0,2,1,0.0,2026-02-18
2026-02-28,S005,P0004,0,2,1,0.0,2026-02-21
2026-02-28,S005,P0005,0,2,1,0.0,2026-02-22
2026-02-28,S005,P0006,0,2,1,0.0,2026-02-27
2026-02-28,S005,P0007,0,2,1,0.0,2026-02-19
2026-02-28,S005,P0008,0,2,1,0.0,2026-02-19
2026-02-28,S005,P0009,2,2,1,5.7,2026-02-28
2026-02-28,S005,P0010,0,2,1,0.0,2026-02-21
2026-02-28,S005,P0011,0,2,1,0.0,2026-02-21
2026-02-28,S005,P0012,2,2,1,9.2,2026-02-19
2026-02-28,S005,P0013,1,2,1,6.0,2026-02-26
2026-02-28,S005,P0014,2,2,1,10.6,2026-02-20
2026-02-28,S005,P0015,0,2,1,0.0,2026-02-19
2026-02-28,S005,P0016,1,2,1,10.0,2026-02-26
2026-02-28,S005,P0017,0,2,1,0.0,2026-02-21
2026-02-28,S005,P0018,1,2,1,2.9,2026-02-19
2026-02-28,S005,P0019,1,2,1,5.6,2026-02-23
2026-02-28,S005,P0020,0,2,1,0.0,2026-02-25
2026-02-28,S005,P0021,0,2,1,0.0,2026-02-23
2026-02-28,S005,P0022,1,2,1,4.9,2026-02-18
2026-02-28,S005,P0023,1,2,1,5.5,2026-02-18
2026-02-28,S005,P0024,2,2,1,5.1,2026-02-18
2026-02-28,S005,P0025,0,2,1,0.0,2026-02-28
2026-02-28,S005,P0026,0,2,1,0.0,2026-02-23
2026-02-28,S005,P0027,0,2,1,0.0,2026-02-18
2026-02-28,S005,P0028,1,2,1,7.5,2026-02-19
2026-02-28,S005,P0029,4,2,1,9.0,2026-02-26
2026-02-28,S005,P0030,0,2,1,0.0,2026-02-25
2026-02-28,S005,P0031,3,2,1,7.6,2026-02-23
2026-02-28,S005,P0032,0,2,1,0.0,2026-02-23
2026-02-28,S005,P0033,1,2,1,5.0,2026-02-22
2026-02-28,S005,P0034,0,2,1,0.0,2026-02-21
2026-02-28,S005,P0035,0,2,1,0.0,2026-02-24
2026-02-28,S005,P0036,0,2,1,0.0,2026-02-20
2026-02-28,S005,P0037,1,2,1,4.3,2026-02-20
2026-02-28,S005,P0038,2,2,1,10.0,2026-02-27
2026-02-28,S005,P0039,0,2,1,0.0,2026-02-19
2026-02-28,S005,P0040,1,2,1,5.0,2026-02-24
2026-02-28,S005,P0041,0,2,1,0.0,2026-02-28
2026-02-28,S005,P0042,4,3,1,8.5,2026-02-24
2026-02-28,S005,P0043,1,2,1,4.2,2026-02-22
2026-02-28,S005,P0044,1,2,1,6.0,2026-02-24
2026-02-28,S005,P0045,2,2,1,6.4,2026-02-24
2026-02-28,S005,P0046,0,2,1,0.0,2026-02-23
2026-02-28,S005,P0047,0,2,1,0.0,2026-02-25
2026-02-28,S005,P0048,0,2,1,0.0,2026-02-23
2026-02-28,S005,P0049,0,2,1,0.0,2026-02-26
2026-02-28,S005,P0050,0,2,1,0.0,2026-02-19
2026-02-28,S005,P0051,0,2,1,0.0,2026-02-24
2026-02-28,S005,P0052,0,2,1,0.0,2026-02-25
2026-02-28,S005,P0053,1,2,1,4.6,2026-02-21
2026-02-28,S005,P0054,0,2,1,0.0,2026-02-27
2026-02-28,S005,P0055,1,2,1,10.0,2026-02-21
2026-02-28,S005,P0056,1,2,1,7.5,2026-02-25
2026-02-28,S005,P0057,0,2,1,0.0,2026-02-25
2026-02-28,S005,P0058,5,2,1,13.0,2026-02-18
2026-02-28,S005,P0059,1,2,1,10.0,2026-02-23
2026-02-28,S005,P0060,1,2,1,3.1,2026-02-21
2026-02-28,S005,P0061,0,2,1,0.0,2026-02-21
2026-02-28,S005,P0062,0,2,1,0.0,2026-02-19
2026-02-28,S005,P0063,1,2,1,4.5,2026-02-21
2026-02-28,S005,P0064,0,2,1,0.0,2026-02-20
2026-02-28,S005,P0065,2,2,1,13.4,2026-02-26
2026-02-28,S005,P0066,1,2,1,2.3,2026-02-28
2026-02-28,S005,P0067,0,2,1,0.0,2026-02-24
2026-02-28,S005,P0068,0,2,1,0.0,2026-02-27
2026-02-28,S005,P0069,1,2,1,3.3,2026-02-24
2026-02-28,S005,P0070,1,2,1,7.2,2026-02-25
2026-02-28,S005,P0071,3,2,1,8.7,2026-02-21
2026-02-28,S005,P0072,0,2,1,0.0,2026-02-20
2026-02-28,S005,P0073,1,2,1,5.3,2026-02-22
2026-02-28,S005,P0074,2,2,1,9.3,2026-02-27
2026-02-28,S005,P0075,1,2,1,7.3,2026-02-20
2026-02-28,S005,P0076,0,2,1,0.0,2026-02-19
2026-02-28,S005,P0077,0,2,1,0.0,2026-02-24
2026-02-28,S005,P0078,5,2,1,12.0,2026-02-20
2026-02-28,S005,P0079,3,2,1,7.9,2026-02-25
2026-02-28,S005,P0080,1,2,1,3.3,2026-02-21
2026-02-28,S005,P0081,0,2,1,0.0,2026-02-27
2026-02-28,S005,P0082,0,2,1,0.0,2026-02-18
2026-02-28,S005,P0083,0,2,1,0.0,2026-02-25
2026-02-28,S005,P0084,0,2,1,0.0,2026-02-25
2026-02-28,S005,P0085,0,2,1,0.0,2026-02-26
2026-02-28,S005,P0086,4,2,1,13.8,2026-02-21
2026-02-28,S005,P0087,2,2,1,5.7,2026-02-18
2026-02-28,S005,P0088,0,2,1,0.0,2026-02-18
2026-02-28,S005,P0089,0,2,1,0.0,2026-02-28
2026-02-28,S005,P0090,2,2,1,7.0,2026-02-23
2026-02-28,S005,P0091,4,2,1,10.1,2026-02-22
2026-02-28,S005,P0092,2,2,1,6.4,2026-02-21
2026-02-28,S005,P0093,0,2,1,0.0,2026-02-22
2026-02-28,S005,P0094,2,2,1,10.0,2026-02-23
2026-02-28,S005,P0095,4,2,1,9.1,2026-02-28
2026-02-28,S005,P0096,0,2,1,0.0,2026-02-21
2026-02-28,S005,P0097,5,2,1,11.7,2026-02-25
2026-02-28,S005,P0098,0,2,1,0.0,2026-02-23
2026-02-28,S005,P0099,0,2,1,0.0,2026-02-21
2026-02-28,S005,P0100,0,2,1,0.0,2026-02-28
2026-02-28,S005,P0101,0,2,1,0.0,2026-02-25
2026-02-28,S005,P0102,0,2,1,0.0,2026-02-23
2026-02-28,S005,P0103,0,2,1,0.0,2026-02-24
2026-02-28,S005,P0104,0,2,1,0.0,2026-02-21
2026-02-28,S005,P0105,0,2,1,0.0,2026-02-27
2026-02-28,S005,P0106,3,2,1,6.9,2026-02-20
2026-02-28,S005,P0107,3,2,1,9.0,2026-02-28
2026-02-28,S005,P0108,1,2,1,5.0,2026-02-25
2026-02-28,S005,P0109,1,2,1,7.5,2026-02-19
2026-02-28,S005,P0110,1,2,1,7.5,2026-02-22
2026-02-28,S005,P0111,0,2,1,0.0,2026-02-23
2026-02-28,S005,P0112,1,2,1,6.0,2026-02-21
2026-02-28,S005,P0113,1,2,1,10.0,2026-02-21
2026-02-28,S005,P0114,0,2,1,0.0,2026-02-22
2026-02-28,S005,P0115,0,2,1,0.0,2026-02-21
2026-02-28,S005,P0116,1,2,1,2.3,2026-02-24
2026-02-28,S005,P0117,0,2,1,0.0,2026-02-25
2026-02-28,S005,P0118,0,2,1,0.0,2026-02-27
2026-02-28,S005,P0119,0,2,1,0.0,2026-02-25
2026-02-28,S005,P0120,0,2,1,0.0,2026-02-19
2026-02-28,S005,P0121,0,2,1,0.0,2026-02-27
2026-02-28,S005,P0122,1,2,1,3.4,2026-02-22
2026-02-28,S005,P0123,0,2,1,0.0,2026-02-27
2026-02-28,S005,P0124,3,2,1,10.3,2026-02-18
2026-02-28,S005,P0125,0,2,1,0.0,2026-02-20
2026-02-28,S005,P0126,0,2,1,0.0,2026-02-22
2026-02-28,S005,P0127,2,2,1,10.0,2026-02-27
2026-02-28,S005,P0128,0,2,1,0.0,2026-02-25
2026-02-28,S005,P0129,0,2,1,0.0,2026-02-18
2026-02-28,S005,P0130,0,2,1,0.0,2026-02-26
2026-02-28,S005,P0131,6,2,1,13.0,2026-02-19
2026-02-28,S005,P0132,0,2,1,0.0,2026-02-28
2026-02-28,S005,P0133,0,2,1,0.0,2026-02-19
2026-02-28,S005,P0134,1,2,1,6.0,2026-02-26
2026-02-28,S005,P0135,0,2,1,0.0,2026-02-25
2026-02-28,S005,P0136,4,2,1,10.5,2026-02-28
2026-02-28,S005,P0137,0,2,1,0.0,2026-02-18
2026-02-28,S005,P0138,0,2,1,0.0,2026-02-23
2026-02-28,S005,P0139,0,2,1,0.0,2026-02-24
2026-02-28,S005,P0140,2,2,1,6.2,2026-02-23
2026-02-28,S005,P0141,1,2,1,30.0,2026-02-20
2026-02-28,S005,P0142,0,2,1,0.0,2026-02-23
2026-02-28,S005,P0143,0,2,1,0.0,2026-02-26
2026-02-28,S005,P0144,0,2,1,0.0,2026-02-20
2026-02-28,S005,P0145,0,2,1,0.0,2026-02-19
2026-02-28,S005,P0146,0,2,1,0.0,2026-02-18
2026-02-28,S005,P0147,0,2,1,0.0,2026-02-24
2026-02-28,S005,P0148,0,2,1,0.0,2026-02-20
2026-02-28,S005,P0149,0,2,1,0.0,2026-02-27
2026-02-28,S005,P0150,1,2,1,7.5,2026-02-24
2026-02-28,S005,P0151,0,2,1,0.0,2026-02-18
2026-02-28,S005,P0152,0,2,1,0.0,2026-02-19
2026-02-28,S005,P0153,0,2,1,0.0,2026-02-28
2026-02-28,S005,P0154,0,2,1,0.0,2026-02-23
2026-02-28,S005,P0155,0,2,1,0.0,2026-02-21
2026-02-28,S005,P0156,0,2,1,0.0,2026-02-26
2026-02-28,S005,P0157,0,2,1,0.0,2026-02-23
2026-02-28,S005,P0158,0,2,1,0.0,2026-02-23
2026-02-28,S005,P0159,3,2,1,7.5,2026-02-28
2026-02-28,S005,P0160,0,2,1,0.0,2026-02-20
2026-02-28,S005,P0161,2,2,1,4.4,2026-02-26
2026-02-28,S005,P0162,0,2,1,0.0,2026-02-20
2026-02-28,S005,P0163,0,2,1,0.0,2026-02-21
2026-02-28,S005,P0164,2,2,1,4.3,2026-02-27
2026-02-28,S005,P0165,0,2,1,0.0,2026-02-21
2026-02-28,S005,P0166,0,2,1,0.0,2026-02-22
2026-02-28,S005,P0167,0,2,1,0.0,2026-02-19
2026-02-28,S005,P0168,0,2,1,0.0,2026-02-26
2026-02-28,S005,P0169,0,2,1,0.0,2026-02-23
2026-02-28,S005,P0170,1,2,1,3.1,2026-02-23
2026-02-28,S005,P0171,1,2,1,2.7,2026-02-25
2026-02-28,S005,P0172,2,2,1,7.4,2026-02-24
2026-02-28,S005,P0173,2,2,1,6.2,2026-02-27
2026-02-28,S005,P0174,1,2,1,7.5,2026-02-23
2026-02-28,S005,P0175,0,2,1,0.0,2026-02-24
2026-02-28,S005,P0176,0,2,1,0.0,2026-02-18
2026-02-28,S005,P0177,3,2,1,12.1,2026-02-21
2026-02-28,S005,P0178,0,2,1,0.0,2026-02-22
2026-02-28,S005,P0179,1,2,1,9.0,2026-02-19
2026-02-28,S005,P0180,4,2,1,8.4,2026-02-23
2026-02-28,S005,P0181,1,2,1,7.5,2026-02-28
2026-02-28,S005,P0182,1,2,1,15.0,2026-02-27
2026-02-28,S005,P0183,2,2,1,4.7,2026-02-23
2026-02-28,S005,P0184,0,2,1,0.0,2026-02-28
2026-02-28,S005,P0185,1,2,1,6.8,2026-02-22
2026-02-28,S005,P0186,0,2,1,0.0,2026-02-20
2026-02-28,S005,P0187,0,2,1,0.0,2026-02-24
2026-02-28,S005,P0188,0,2,1,0.0,2026-02-20
2026-02-28,S005,P0189,0,2,1,0.0,2026-02-18
2026-02-28,S005,P0190,0,2,1,0.0,2026-02-21
2026-02-28,S005,P0191,0,2,1,0.0,2026-02-27
2026-02-28,S005,P0192,0,2,1,0.0,2026-02-24
2026-02-28,S006,P0001,0,2,1,0.0,2026-02-27
2026-02-28,S006,P0002,0,2,1,0.0,2026-02-24
2026-02-28,S006,P0003,4,2,1,10.2,2026-02-27
2026-02-28,S006,P0004,1,2,1,3.9,2026-02-18
2026-02-28,S006,P0005,1,2,1,6.1,2026-02-20
2026-02-28,S006,P0006,1,2,1,10.0,2026-02-20
2026-02-28,S006,P0007,0,2,1,0.0,2026-02-24
2026-02-28,S006,P0008,0,2,1,0.0,2026-02-28
2026-02-28,S006,P0009,1,2,1,3.1,2026-02-25
2026-02-28,S006,P0010,0,2,1,0.0,2026-02-27
2026-02-28,S006,P0011,1,2,1,4.8,2026-02-25
2026-02-28,S006,P0012,0,2,1,0.0,2026-02-22
2026-02-28,S006,P0013,0,2,1,0.0,2026-02-21
2026-02-28,S006,P0014,0,2,1,0.0,2026-02-24
2026-02-28,S006,P0015,1,2,1,3.3,2026-02-27
2026-02-28,S006,P0016,0,2,1,0.0,2026-02-21
2026-02-28,S006,P0017,0,2,1,0.0,2026-02-27
2026-02-28,S006,P0018,0,2,1,0.0,2026-02-21
2026-02-28,S006,P0019,0,2,1,0.0,2026-02-19
2026-02-28,S006,P0020,0,2,1,0.0,2026-02-18
2026-02-28,S006,P0021,0,2,1,0.0,2026-02-24
2026-02-28,S006,P0022,0,2,1,0.0,2026-02-24
2026-02-28,S006,P0023,3,2,1,8.4,2026-02-20
2026-02-28,S006,P0024,0,2,1,0.0,2026-02-21
2026-02-28,S006,P0025,4,3,1,8.0,2026-02-22
2026-02-28,S006,P0026,0,2,1,0.0,2026-02-20
2026-02-28,S006,P0027,3,2,1,12.4,2026-02-25
2026-02-28,S006,P0028,2,3,1,4.4,2026-02-22
2026-02-28,S006,P0029,0,2,1,0.0,2026-02-24
2026-02-28,S006,P0030,0,2,1,0.0,2026-02-26
2026-02-28,S006,P0031,0,2,1,0.0,2026-02-22
2026-02-28,S006,P0032,0,2,1,0.0,2026-02-18
2026-02-28,S006,P0033,0,2,1,0.0,2026-02-20
2026-02-28,S006,P0034,1,2,1,7.5,2026-02-24
2026-02-28,S006,P0035,0,2,1,0.0,2026-02-20
2026-02-28,S006,P0036,0,2,1,0.0,2026-02-28
2026-02-28,S006,P0037,2,2,1,4.9,2026-02-18
2026-02-28,S006,P0038,0,2,1,0.0,2026-02-18
2026-02-28,S006,P0039,0,2,1,0.0,2026-02-27
2026-02-28,S006,P0040,1,2,1,6.0,2026-02-21
2026-02-28,S006,P0041,0,2,1,0.0,2026-02-23
2026-02-28,S006,P0042,6,2,1,12.2,2026-02-22
2026-02-28,S006,P0043,0,2,1,0.0,2026-02-18
2026-02-28,S006,P0044,0,2,1,0.0,2026-02-20
2026-02-28,S006,P0045,0,2,1,0.0,2026-02-22
2026-02-28,S006,P0046,0,2,1,0.0,2026-02-18
2026-02-28,S006,P0047,0,2,1,0.0,2026-02-24
2026-02-28,S006,P0048,1,2,1,5.0,2026-02-28
2026-02-28,S006,P0049,0,2,1,0.0,2026-02-23
2026-02-28,S006,P0050,0,2,1,0.0,2026-02-24
2026-02-28,S006,P0051,2,2,1,5.8,2026-02-19
2026-02-28,S006,P0052,0,2,1,0.0,2026-02-21
2026-02-28,S006,P0053,4,2,1,13.7,2026-02-21
2026-02-28,S006,P0054,2,2,1,8.9,2026-02-25
2026-02-28,S006,P0055,0,2,1,0.0,2026-02-22
2026-02-28,S006,P0056,1,2,1,3.6,2026-02-18
2026-02-28,S006,P0057,0,2,1,0.0,2026-02-26
2026-02-28,S006,P0058,0,2,1,0.0,2026-02-26
2026-02-28,S006,P0059,0,2,1,0.0,2026-02-21
2026-02-28,S006,P0060,1,2,1,6.0,2026-02-20
2026-02-28,S006,P0061,0,2,1,0.0,2026-02-21
2026-02-28,S006,P0062,1,2,1,2.6,2026-02-28
2026-02-28,S006,P0063,0,2,1,0.0,2026-02-26
2026-02-28,S006,P0064,5,2,1,13.5,2026-02-25
2026-02-28,S006,P0065,0,2,1,0.0,2026-02-24
2026-02-28,S006,P0066,1,2,1,30.0,2026-02-24
2026-02-28,S006,P0067,0,2,1,0.0,2026-02-28
2026-02-28,S006,P0068,0,2,1,0.0,2026-02-25
2026-02-28,S006,P0069,2,2,1,10.8,2026-02-19
2026-02-28,S006,P0070,1,2,1,10.0,2026-02-20
2026-02-28,S006,P0071,0,2,1,0.0,2026-02-28
2026-02-28,S006,P0072,2,2,1,6.4,2026-02-20
2026-02-28,S006,P0073,3,3,1,6.1,2026-02-20
2026-02-28,S006,P0074,0,2,1,0.0,2026-02-24
2026-02-28,S006,P0075,0,2,1,0.0,2026-02-20
2026-02-28,S006,P0076,0,2,1,0.0,2026-02-21
2026-02-28,S006,P0077,0,2,1,0.0,2026-02-22
2026-02-28,S006,P0078,0,2,1,0.0,2026-02-25
2026-02-28,S006,P0079,1,2,1,7.9,2026-02-23
2026-02-28,S006,P0080,1,2,1,6.0,2026-02-22
2026-02-28,S006,P0081,0,2,1,0.0,2026-02-26
2026-02-28,S006,P0082,0,2,1,0.0,2026-02-23
2026-02-28,S006,P0083,0,2,1,0.0,2026-02-23
2026-02-28,S006,P0084,0,2,1,0.0,2026-02-18
2026-02-28,S006,P0085,3,2,1,7.7,2026-02-24
2026-02-28,S006,P0086,0,2,1,0.0,2026-02-22
2026-02-28,S006,P0087,3,2,1,10.3,2026-02-18
2026-02-28,S006,P0088,0,2,1,0.0,2026-02-25
2026-02-28,S006,P0089,0,2,1,0.0,2026-02-25
2026-02-28,S006,P0090,2,2,1,9.6,2026-02-19
2026-02-28,S006,P0091,1,2,1,10.0,2026-02-25
2026-02-28,S006,P0092,0,2,1,0.0,2026-02-24
2026-02-28,S006,P0093,2,2,1,8.0,2026-02-28
2026-02-28,S006,P0094,0,2,1,0.0,2026-02-20
2026-02-28,S006,P0095,1,2,1,6.1,2026-02-19
2026-02-28,S006,P0096,2,2,1,7.9,2026-02-28
2026-02-28,S006,P0097,0,2,1,0.0,2026-02-28
2026-02-28,S006,P0098,1,2,1,8.7,2026-02-18
2026-02-28,S006,P0099,5,2,1,13.1,2026-02-18
2026-02-28,S006,P0100,0,2,1,0.0,2026-02-22
2026-02-28,S006,P0101,1,2,1,3.1,2026-02-25
2026-02-28,S006,P0102,2,2,1,6.7,2026-02-27
2026-02-28,S006,P0103,1,2,1,5.5,2026-02-25
2026-02-28,S006,P0104,0,2,1,0.0,2026-02-18
2026-02-28,S006,P0105,1,2,1,4.8,2026-02-26
2026-02-28,S006,P0106,0,2,1,0.0,2026-02-19
2026-02-28,S006,P0107,3,2,1,9.0,2026-02-21
2026-02-28,S006,P0108,1,2,1,7.5,2026-02-21
2026-02-28,S006,P0109,2,2,1,12.0,2026-02-22
2026-02-28,S006,P0110,0,2,1,0.0,2026-02-23
2026-02-28,S006,P0111,0,2,1,0.0,2026-02-19
2026-02-28,S006,P0112,1,2,1,5.0,2026-02-22
2026-02-28,S006,P0113,0,2,1,0.0,2026-02-25
2026-02-28,S006,P0114,0,2,1,0.0,2026-02-25
2026-02-28,S006,P0115,1,2,1,2.9,2026-02-24
2026-02-28,S006,P0116,0,2,1,0.0,2026-02-21
2026-02-28,S006,P0117,0,2,1,0.0,2026-02-25
2026-02-28,S006,P0118,0,2,1,0.0,2026-02-24
2026-02-28,S006,P0119,1,2,1,15.0,2026-02-28
2026-02-28,S006,P0120,1,2,1,7.5,2026-02-27
2026-02-28,S006,P0121,0,2,1,0.0,2026-02-20
2026-02-28,S006,P0122,0,2,1,0.0,2026-02-23
2026-02-28,S006,P0123,0,2,1,0.0,2026-02-28
2026-02-28,S006,P0124,0,2,1,0.0,2026-02-19
2026-02-28,S006,P0125,0,2,1,0.0,2026-02-19
2026-02-28,S006,P0126,1,2,1,7.5,2026-02-23
2026-02-28,S006,P0127,1,2,1,5.0,2026-02-20
2026-02-28,S006,P0128,1,2,1,30.0,2026-02-20
2026-02-28,S006,P0129,4,2,1,10.6,2026-02-21
2026-02-28,S006,P0130,1,2,1,7.2,2026-02-28
2026-02-28,S006,P0131,4,2,1,9.8,2026-02-23
2026-02-28,S006,P0132,0,2,1,0.0,2026-02-22
2026-02-28,S006,P0133,0,2,1,0.0,2026-02-27
2026-02-28,S006,P0134,0,2,1,0.0,2026-02-18
2026-02-28,S006,P0135,0,2,1,0.0,2026-02-25
2026-02-28,S006,P0136,1,2,1,2.9,2026-02-28
2026-02-28,S006,P0137,1,2,1,6.4,2026-02-21
2026-02-28,S006,P0138,4,2,1,11.9,2026-02-23
2026-02-28,S006,P0139,0,2,1,0.0,2026-02-20
2026-02-28,S006,P0140,0,2,1,0.0,2026-02-23
2026-02-28,S006,P0141,3,2,1,7.4,2026-02-27
2026-02-28,S006,P0142,0,2,1,0.0,2026-02-23
2026-02-28,S006,P0143,2,2,1,8.8,2026-02-25
2026-02-28,S006,P0144,0,2,1,0.0,2026-02-22
2026-02-28,S006,P0145,4,2,1,9.8,2026-02-19
2026-02-28,S006,P0146,0,2,1,0.0,2026-02-22
2026-02-28,S006,P0147,4,2,1,10.0,2026-02-19
2026-02-28,S006,P0148,4,2,1,9.9,2026-02-24
2026-02-28,S006,P0149,2,2,1,10.4,2026-02-26
2026-02-28,S006,P0150,0,2,1,0.0,2026-02-21
2026-02-28,S006,P0151,0,2,1,0.0,2026-02-22
2026-02-28,S006,P0152,0,2,1,0.0,2026-02-24
2026-02-28,S006,P0153,0,2,1,0.0,2026-02-28
2026-02-28,S006,P0154,0,2,1,0.0,2026-02-26
2026-02-28,S006,P0155,0,2,1,0.0,2026-02-23
2026-02-28,S006,P0156,3,2,1,7.3,2026-02-24
2026-02-28,S006,P0157,0,2,1,0.0,2026-02-28
2026-02-28,S006,P0158,0,2,1,0.0,2026-02-21
2026-02-28,S006,P0159,1,2,1,4.7,2026-02-24
2026-02-28,S006,P0160,0,2,1,0.0,2026-02-19
2026-02-28,S006,P0161,0,2,1,0.0,2026-02-25
2026-02-28,S006,P0162,4,2,1,9.3,2026-02-26
2026-02-28,S006,P0163,3,2,1,8.5,2026-02-21
2026-02-28,S006,P0164,0,2,1,0.0,2026-02-19
2026-02-28,S006,P0165,0,2,1,0.0,2026-02-19
2026-02-28,S006,P0166,0,2,1,0.0,2026-02-19
2026-02-28,S006,P0167,0,2,1,0.0,2026-02-24
2026-02-28,S006,P0168,0,2,1,0.0,2026-02-28
2026-02-28,S006,P0169,0,2,1,0.0,2026-02-21
2026-02-28,S006,P0170,0,2,1,0.0,2026-02-28
2026-02-28,S006,P0171,4,2,1,8.6,2026-02-21
2026-02-28,S006,P0172,1,2,1,5.0,2026-02-26
2026-02-28,S006,P0173,0,2,1,0.0,2026-02-23
2026-02-28,S006,P0174,1,2,1,6.0,2026-02-28
2026-02-28,S006,P0175,0,2,1,0.0,2026-02-23
2026-02-28,S006,P0176,0,2,1,0.0,2026-02-27
2026-02-28,S006,P0177,2,2,1,4.5,2026-02-23
2026-02-28,S006,P0178,0,2,1,0.0,2026-02-18
2026-02-28,S006,P0179,0,2,1,0.0,2026-02-25
2026-02-28,S006,P0180,1,2,1,7.9,2026-02-26
2026-02-28,S006,P0181,0,2,1,0.0,2026-02-26
2026-02-28,S006,P0182,3,2,1,7.3,2026-02-28
2026-02-28,S006,P0183,0,2,1,0.0,2026-02-20
2026-02-28,S006,P0184,0,2,1,0.0,2026-02-25
2026-02-28,S006,P0185,1,2,1,10.0,2026-02-27
2026-02-28,S006,P0186,1,2,1,2.7,2026-02-19
2026-02-28,S006,P0187,2,2,1,9.6,2026-02-20
2026-02-28,S006,P0188,4,2,1,9.4,2026-02-27
2026-02-28,S006,P0189,0,2,1,0.0,2026-02-25
2026-02-28,S006,P0190,0,2,1,0.0,2026-02-19
2026-02-28,S006,P0191,1,2,1,2.6,2026-02-25
2026-02-28,S006,P0192,2,2,1,7.1,2026-02-27
2026-02-28,S007,P0001,0,2,1,0.0,2026-02-28
2026-02-28,S007,P0002,0,2,1,0.0,2026-02-26
2026-02-28,S007,P0003,4,2,1,9.6,2026-02-18
2026-02-28,S007,P0004,0,2,1,0.0,2026-02-26
2026-02-28,S007,P0005,3,2,1,11.6,2026-02-21
2026-02-28,S007,P0006,2,2,1,5.7,2026-02-18
2026-02-28,S007,P0007,0,2,1,0.0,2026-02-27
2026-02-28,S007,P0008,0,2,1,0.0,2026-02-23
2026-02-28,S007,P0009,0,2,1,0.0,2026-02-22
2026-02-28,S007,P0010,0,2,1,0.0,2026-02-26
2026-02-28,S007,P0011,5,2,1,11.5,2026-02-23
2026-02-28,S007,P0012,0,2,1,0.0,2026-02-25
2026-02-28,S007,P0013,0,2,1,0.0,2026-02-26
2026-02-28,S007,P0014,0,2,1,0.0,2026-02-25
2026-02-28,S007,P0015,0,2,1,0.0,2026-02-25
2026-02-28,S007,P0016,1,2,1,2.4,2026-02-24
2026-02-28,S007,P0017,0,2,1,0.0,2026-02-24
2026-02-28,S007,P0018,0,2,1,0.0,2026-02-19
2026-02-28,S007,P0019,0,2,1,0.0,2026-02-23
2026-02-28,S007,P0020,1,2,1,4.3,2026-02-25
2026-02-28,S007,P0021,1,2,1,4.4,2026-02-21
2026-02-28,S007,P0022,1,2,1,8.4,2026-02-22
2026-02-28,S007,P0023,2,2,1,7.9,2026-02-19
2026-02-28,S007,P0024,1,2,1,2.9,2026-02-23
2026-02-28,S007,P0025,0,2,1,0.0,2026-02-21
2026-02-28,S007,P0026,0,2,1,0.0,2026-02-21
2026-02-28,S007,P0027,1,2,1,2.3,2026-02-19
2026-02-28,S007,P0028,5,3,1,11.1,2026-02-20
2026-02-28,S007,P0029,2,2,1,11.3,2026-02-21
2026-02-28,S007,P0030,0,2,1,0.0,2026-02-21
2026-02-28,S007,P0031,1,3,1,2.1,2026-02-28
2026-02-28,S007,P0032,0,2,1,0.0,2026-02-28
2026-02-28,S007,P0033,0,2,1,0.0,2026-02-24
2026-02-28,S007,P0034,0,2,1,0.0,2026-02-19
2026-02-28,S007,P0035,1,2,1,2.7,2026-02-21
2026-02-28,S007,P0036,1,2,1,10.0,2026-02-22
2026-02-28,S007,P0037,0,2,1,0.0,2026-02-21
2026-02-28,S007,P0038,0,2,1,0.0,2026-02-18
2026-02-28,S007,P0039,2,2,1,9.5,2026-02-24
2026-02-28,S007,P0040,0,2,1,0.0,2026-02-28
2026-02-28,S007,P0041,0,2,1,0.0,2026-02-27
2026-02-28,S007,P0042,0,2,1,0.0,2026-02-18
2026-02-28,S007,P0043,0,2,1,0.0,2026-02-28
2026-02-28,S007,P0044,0,2,1,0.0,2026-02-21
2026-02-28,S007,P0045,1,2,1,3.0,2026-02-25
2026-02-28,S007,P0046,0,2,1,0.0,2026-02-20
2026-02-28,S007,P0047,0,2,1,0.0,2026-02-19
2026-02-28,S007,P0048,2,2,1,5.8,2026-02-25
2026-02-28,S007,P0049,0,2,1,0.0,2026-02-23
2026-02-28,S007,P0050,0,2,1,0.0,2026-02-22
2026-02-28,S007,P0051,0,2,1,0.0,2026-02-24
2026-02-28,S007,P0052,0,2,1,0.0,2026-02-25
2026-02-28,S007,P0053,1,2,1,7.4,2026-02-18
2026-02-28,S007,P0054,0,2,1,0.0,2026-02-21
2026-02-28,S007,P0055,0,2,1,0.0,2026-02-27
2026-02-28,S007,P0056,0,2,1,0.0,2026-02-24
2026-02-28,S007,P0057,1,2,1,4.8,2026-02-25
2026-02-28,S007,P0058,2,2,1,5.7,2026-02-25
2026-02-28,S007,P0059,0,2,1,0.0,2026-02-19
2026-02-28,S007,P0060,0,2,1,0.0,2026-02-25
2026-02-28,S007,P0061,3,2,1,6.6,2026-02-19
2026-02-28,S007,P0062,0,2,1,0.0,2026-02-24
2026-02-28,S007,P0063,0,2,1,0.0,2026-02-27
2026-02-28,S007,P0064,0,2,1,0.0,2026-02-20
2026-02-28,S007,P0065,1,2,1,3.8,2026-02-22
2026-02-28,S007,P0066,0,2,1,0.0,2026-02-19
2026-02-28,S007,P0067,1,2,1,7.5,2026-02-27
2026-02-28,S007,P0068,0,2,1,0.0,2026-02-23
2026-02-28,S007,P0069,0,2,1,0.0,2026-02-25
2026-02-28,S007,P0070,0,2,1,0.0,2026-02-24
2026-02-28,S007,P0071,0,2,1,0.0,2026-02-18
2026-02-28,S007,P0072,2,2,1,6.0,2026-02-28
2026-02-28,S007,P0073,0,2,1,0.0,2026-02-24
2026-02-28,S007,P0074,0,2,1,0.0,2026-02-23
2026-02-28,S007,P0075,1,2,1,10.0,2026-02-27
2026-02-28,S007,P0076,0,2,1,0.0,2026-02-19
2026-02-28,S007,P0077,0,2,1,0.0,2026-02-27
2026-02-28,S007,P0078,5,2,1,10.8,2026-02-20
2026-02-28,S007,P0079,0,2,1,0.0,2026-02-21
2026-02-28,S007,P0080,1,2,1,10.0,2026-02-20
2026-02-28,S007,P0081,1,2,1,3.8,2026-02-23
2026-02-28,S007,P0082,1,2,1,2.3,2026-02-27
2026-02-28,S007,P0083,0,2,1,0.0,2026-02-28
2026-02-28,S007,P0084,0,2,1,0.0,2026-02-27
2026-02-28,S007,P0085,0,2,1,0.0,2026-02-25
2026-02-28,S007,P0086,0,2,1,0.0,2026-02-21
2026-02-28,S007,P0087,0,2,1,0.0,2026-02-21
2026-02-28,S007,P0088,1,2,1,7.4,2026-02-26
2026-02-28,S007,P0089,0,2,1,0.0,2026-02-27
2026-02-28,S007,P0090,0,2,1,0.0,2026-02-23
2026-02-28,S007,P0091,0,2,1,0.0,2026-02-26
2026-02-28,S007,P0092,0,2,1,0.0,2026-02-20
2026-02-28,S007,P0093,0,2,1,0.0,2026-02-21
2026-02-28,S007,P0094,2,2,1,4.8,2026-02-21
2026-02-28,S007,P0095,0,2,1,0.0,2026-02-20
2026-02-28,S007,P0096,0,2,1,0.0,2026-02-18
2026-02-28,S007,P0097,1,2,1,2.1,2026-02-25
2026-02-28,S007,P0098,2,2,1,5.4,2026-02-20
2026-02-28,S007,P0099,0,2,1,0.0,2026-02-24
2026-02-28,S007,P0100,0,2,1,0.0,2026-02-23
2026-02-28,S007,P0101,0,2,1,0.0,2026-02-25
2026-02-28,S007,P0102,1,2,1,6.0,2026-02-25
2026-02-28,S007,P0103,0,2,1,0.0,2026-02-18
2026-02-28,S007,P0104,0,2,1,0.0,2026-02-28
2026-02-28,S007,P0105,0,2,1,0.0,2026-02-21
2026-02-28,S007,P0106,0,2,1,0.0,2026-02-28
2026-02-28,S007,P0107,0,2,1,0.0,2026-02-19
2026-02-28,S007,P0108,0,2,1,0.0,2026-02-25
2026-02-28,S007,P0109,0,2,1,0.0,2026-02-28
2026-02-28,S007,P0110,0,2,1,0.0,2026-02-23
2026-02-28,S007,P0111,0,2,1,0.0,2026-02-28
2026-02-28,S007,P0112,0,2,1,0.0,2026-02-23
2026-02-28,S007,P0113,0,2,1,0.0,2026-02-24
2026-02-28,S007,P0114,0,2,1,0.0,2026-02-20
2026-02-28,S007,P0115,0,2,1,0.0,2026-02-27
2026-02-28,S007,P0116,4,2,1,11.8,2026-02-24
2026-02-28,S007,P0117,4,2,1,11.4,2026-02-26
2026-02-28,S007,P0118,0,2,1,0.0,2026-02-19
2026-02-28,S007,P0119,0,2,1,0.0,2026-02-26
2026-02-28,S007,P0120,0,2,1,0.0,2026-02-25
2026-02-28,S007,P0121,1,2,1,4.2,2026-02-27
2026-02-28,S007,P0122,1,2,1,10.0,2026-02-27
2026-02-28,S007,P0123,0,2,1,0.0,2026-02-26
2026-02-28,S007,P0124,0,2,1,0.0,2026-02-28
2026-02-28,S007,P0125,1,2,1,7.1,2026-02-18
2026-02-28,S007,P0126,0,2,1,0.0,2026-02-18
2026-02-28,S007,P0127,1,2,1,7.5,2026-02-20
2026-02-28,S007,P0128,0,2,1,0.0,2026-02-23
2026-02-28,S007,P0129,0,2,1,0.0,2026-02-19
2026-02-28,S007,P0130,1,2,1,3.8,2026-02-27
2026-02-28,S007,P0131,0,2,1,0.0,2026-02-27
2026-02-28,S007,P0132,0,2,1,0.0,2026-02-24
2026-02-28,S007,P0133,0,2,1,0.0,2026-02-21
2026-02-28,S007,P0134,0,2,1,0.0,2026-02-19
2026-02-28,S007,P0135,0,2,1,0.0,2026-02-19
2026-02-28,S007,P0136,3,2,1,6.8,2026-02-23
2026-02-28,S007,P0137,2,2,1,7.7,2026-02-28
2026-02-28,S007,P0138,0,2,1,0.0,2026-02-22
2026-02-28,S007,P0139,0,2,1,0.0,2026-02-21
2026-02-28,S007,P0140,0,2,1,0.0,2026-02-22
2026-02-28,S007,P0141,0,2,1,0.0,2026-02-23
2026-02-28,S007,P0142,0,2,1,0.0,2026-02-19
2026-02-28,S007,P0143,0,2,1,0.0,2026-02-21
2026-02-28,S007,P0144,0,2,1,0.0,2026-02-26
2026-02-28,S007,P0145,1,2,1,5.5,2026-02-27
2026-02-28,S007,P0146,0,2,1,0.0,2026-02-24
2026-02-28,S007,P0147,3,2,1,11.2,2026-02-28
2026-02-28,S007,P0148,5,2,1,10.6,2026-02-24
2026-02-28,S007,P0149,3,2,1,8.2,2026-02-25
2026-02-28,S007,P0150,0,2,1,0.0,2026-02-25
2026-02-28,S007,P0151,3,2,1,8.1,2026-02-20
2026-02-28,S007,P0152,2,2,1,4.1,2026-02-26
2026-02-28,S007,P0153,0,2,1,0.0,2026-02-26
2026-02-28,S007,P0154,0,2,1,0.0,2026-02-28
2026-02-28,S007,P0155,1,2,1,7.5,2026-02-19
2026-02-28,S007,P0156,0,2,1,0.0,2026-02-19
2026-02-28,S007,P0157,2,2,1,12.0,2026-02-28
2026-02-28,S007,P0158,0,2,1,0.0,2026-02-28
2026-02-28,S007,P0159,0,2,1,0.0,2026-02-18
2026-02-28,S007,P0160,1,2,1,5.0,2026-02-24
2026-02-28,S007,P0161,0,2,1,0.0,2026-02-25
2026-02-28,S007,P0162,0,2,1,0.0,2026-02-24
2026-02-28,S007,P0163,0,2,1,0.0,2026-02-26
2026-02-28,S007,P0164,0,2,1,0.0,2026-02-28
2026-02-28,S007,P0165,1,2,1,7.5,2026-02-22
2026-02-28,S007,P0166,0,2,1,0.0,2026-02-24
2026-02-28,S007,P0167,0,2,1,0.0,2026-02-28
2026-02-28,S007,P0168,0,2,1,0.0,2026-02-20
2026-02-28,S007,P0169,0,2,1,0.0,2026-02-27
2026-02-28,S007,P0170,0,3,1,0.0,2026-02-21
2026-02-28,S007,P0171,0,2,1,0.0,2026-02-28
2026-02-28,S007,P0172,0,2,1,0.0,2026-02-28
2026-02-28,S007,P0173,1,2,1,5.6,2026-02-28
2026-02-28,S007,P0174,1,2,1,6.3,2026-02-23
2026-02-28,S007,P0175,1,2,1,4.2,2026-02-18
2026-02-28,S007,P0176,0,2,1,0.0,2026-02-28
2026-02-28,S007,P0177,0,2,1,0.0,2026-02-23
2026-02-28,S007,P0178,0,2,1,0.0,2026-02-22
2026-02-28,S007,P0179,1,2,1,2.3,2026-02-26
2026-02-28,S007,P0180,1,2,1,2.2,2026-02-23
2026-02-28,S007,P0181,0,2,1,0.0,2026-02-28
2026-02-28,S007,P0182,0,2,1,0.0,2026-02-18
2026-02-28,S007,P0183,0,2,1,0.0,2026-02-28
2026-02-28,S007,P0184,0,2,1,0.0,2026-02-24
2026-02-28,S007,P0185,0,2,1,0.0,2026-02-26
2026-02-28,S007,P0186,4,2,1,10.9,2026-02-25
2026-02-28,S007,P0187,1,2,1,2.2,2026-02-21
2026-02-28,S007,P0188,1,2,1,9.3,2026-02-21
2026-02-28,S007,P0189,0,2,1,0.0,2026-02-21
2026-02-28,S007,P0190,0,2,1,0.0,2026-02-18
2026-02-28,S007,P0191,2,2,1,6.1,2026-02-27
2026-02-28,S007,P0192,4,2,1,11.8,2026-02-21
2026-02-28,S008,P0001,0,2,1,0.0,2026-02-27
2026-02-28,S008,P0002,0,2,1,0.0,2026-02-20
2026-02-28,S008,P0003,4,2,1,8.2,2026-02-24
2026-02-28,S008,P0004,0,2,1,0.0,2026-02-21
2026-02-28,S008,P0005,3,2,1,7.0,2026-02-21
2026-02-28,S008,P0006,0,2,1,0.0,2026-02-24
2026-02-28,S008,P0007,0,2,1,0.0,2026-02-27
2026-02-28,S008,P0008,0,2,1,0.0,2026-02-28
2026-02-28,S008,P0009,2,2,1,8.9,2026-02-27
2026-02-28,S008,P0010,2,2,1,7.8,2026-02-20
2026-02-28,S008,P0011,0,2,1,0.0,2026-02-23
2026-02-28,S008,P0012,6,2,1,12.0,2026-02-27
2026-02-28,S008,P0013,0,2,1,0.0,2026-02-26
2026-02-28,S008,P0014,6,2,1,12.6,2026-02-23
2026-02-28,S008,P0015,1,2,1,4.5,2026-02-26
2026-02-28,S008,P0016,0,2,1,0.0,2026-02-24
2026-02-28,S008,P0017,0,2,1,0.0,2026-02-27
2026-02-28,S008,P0018,0,2,1,0.0,2026-02-18
2026-02-28,S008,P0019,5,2,1,10.9,2026-02-24
2026-02-28,S008,P0020,0,2,1,0.0,2026-02-25
2026-02-28,S008,P0021,0,2,1,0.0,2026-02-26
2026-02-28,S008,P0022,0,2,1,0.0,2026-02-22
2026-02-28,S008,P0023,1,2,1,3.2,2026-02-22
2026-02-28,S008,P0024,2,2,1,6.1,2026-02-21
2026-02-28,S008,P0025,0,2,1,0.0,2026-02-23
2026-02-28,S008,P0026,1,2,1,3.7,2026-02-24
2026-02-28,S008,P0027,0,2,1,0.0,2026-02-19
2026-02-28,S008,P0028,3,2,1,7.9,2026-02-28
2026-02-28,S008,P0029,0,2,1,0.0,2026-02-28
2026-02-28,S008,P0030,1,2,1,5.0,2026-02-25
2026-02-28,S008,P0031,1,2,1,2.8,2026-02-24
2026-02-28,S008,P0032,1,2,1,3.4,2026-02-21
2026-02-28,S008,P0033,1,2,1,7.5,2026-02-28
2026-02-28,S008,P0034,0,2,1,0.0,2026-02-25
2026-02-28,S008,P0035,1,2,1,10.0,2026-02-28
2026-02-28,S008,P0036,0,2,1,0.0,2026-02-25
2026-02-28,S008,P0037,0,2,1,0.0,2026-02-22
2026-02-28,S008,P0038,0,2,1,0.0,2026-02-23
2026-02-28,S008,P0039,0,2,1,0.0,2026-02-21
2026-02-28,S008,P0040,0,2,1,0.0,2026-02-20
2026-02-28,S008,P0041,0,2,1,0.0,2026-02-22
2026-02-28,S008,P0042,1,2,1,10.0,2026-02-23
2026-02-28,S008,P0043,1,2,1,6.7,2026-02-24
2026-02-28,S008,P0044,1,2,1,5.0,2026-02-25
2026-02-28,S008,P0045,0,2,1,0.0,2026-02-25
2026-02-28,S008,P0046,0,2,1,0.0,2026-02-19
2026-02-28,S008,P0047,1,2,1,6.0,2026-02-20
2026-02-28,S008,P0048,0,2,1,0.0,2026-02-26
2026-02-28,S008,P0049,1,2,1,6.0,2026-02-23
2026-02-28,S008,P0050,2,2,1,6.7,2026-02-24
2026-02-28,S008,P0051,1,2,1,2.9,2026-02-23
2026-02-28,S008,P0052,0,2,1,0.0,2026-02-18
2026-02-28,S008,P0053,1,2,1,4.3,2026-02-28
2026-02-28,S008,P0054,0,2,1,0.0,2026-02-28
2026-02-28,S008,P0055,1,2,1,15.0,2026-02-28
2026-02-28,S008,P0056,0,2,1,0.0,2026-02-28
2026-02-28,S008,P0057,0,2,1,0.0,2026-02-28
2026-02-28,S008,P0058,0,2,1,0.0,2026-02-24
2026-02-28,S008,P0059,0,2,1,0.0,2026-02-27
2026-02-28,S008,P0060,3,2,1,8.7,2026-02-23
2026-02-28,S008,P0061,0,2,1,0.0,2026-02-28
2026-02-28,S008,P0062,0,2,1,0.0,2026-02-20
2026-02-28,S008,P0063,0,2,1,0.0,2026-02-18
2026-02-28,S008,P0064,2,2,1,12.5,2026-02-23
2026-02-28,S008,P0065,0,2,1,0.0,2026-02-26
2026-02-28,S008,P0066,1,2,1,3.8,2026-02-23
2026-02-28,S008,P0067,0,2,1,0.0,2026-02-28
2026-02-28,S008,P0068,1,2,1,3.3,2026-02-28
2026-02-28,S008,P0069,0,2,1,0.0,2026-02-25
2026-02-28,S008,P0070,0,2,1,0.0,2026-02-18
2026-02-28,S008,P0071,6,3,1,12.4,2026-02-25
2026-02-28,S008,P0072,0,2,1,0.0,2026-02-24
2026-02-28,S008,P0073,2,2,1,4.4,2026-02-28
2026-02-28,S008,P0074,0,2,1,0.0,2026-02-22
2026-02-28,S008,P0075,3,2,1,11.1,2026-02-19
2026-02-28,S008,P0076,0,2,1,0.0,2026-02-20
2026-02-28,S008,P0077,0,2,1,0.0,2026-02-28
2026-02-28,S008,P0078,0,2,1,0.0,2026-02-23
2026-02-28,S008,P0079,0,2,1,0.0,2026-02-21
2026-02-28,S008,P0080,1,2,1,5.1,2026-02-26
2026-02-28,S008,P0081,0,2,1,0.0,2026-02-21
2026-02-28,S008,P0082,1,2,1,7.5,2026-02-24
2026-02-28,S008,P0083,0,2,1,0.0,2026-02-23
2026-02-28,S008,P0084,0,2,1,0.0,2026-02-25
2026-02-28,S008,P0085,0,2,1,0.0,2026-02-26
2026-02-28,S008,P0086,0,2,1,0.0,2026-02-22
2026-02-28,S008,P0087,0,2,1,0.0,2026-02-19
2026-02-28,S008,P0088,0,2,1,0.0,2026-02-24
2026-02-28,S008,P0089,1,2,1,6.0,2026-02-20
2026-02-28,S008,P0090,1,2,1,5.0,2026-02-24
2026-02-28,S008,P0091,4,3,1,8.7,2026-02-19
2026-02-28,S008,P0092,2,2,1,4.6,2026-02-21
2026-02-28,S008,P0093,0,2,1,0.0,2026-02-22
2026-02-28,S008,P0094,5,3,1,11.0,2026-02-21
2026-02-28,S008,P0095,0,2,1,0.0,2026-02-19
2026-02-28,S008,P0096,2,2,1,9.6,2026-02-18
2026-02-28,S008,P0097,0,2,1,0.0,2026-02-22
2026-02-28,S008,P0098,0,2,1,0.0,2026-02-26
2026-02-28,S008,P0099,0,2,1,0.0,2026-02-18
2026-02-28,S008,P0100,5,2,1,12.4,2026-02-18
2026-02-28,S008,P0101,0,2,1,0.0,2026-02-25
2026-02-28,S008,P0102,0,2,1,0.0,2026-02-21
2026-02-28,S008,P0103,0,2,1,0.0,2026-02-23
2026-02-28,S008,P0104,0,2,1,0.0,2026-02-25
2026-02-28,S008,P0105,0,2,1,0.0,2026-02-28
2026-02-28,S008,P0106,1,2,1,3.3,2026-02-19
2026-02-28,S008,P0107,0,2,1,0.0,2026-02-20
2026-02-28,S008,P0108,1,2,1,3.8,2026-02-21
2026-02-28,S008,P0109,0,2,1,0.0,2026-02-23
2026-02-28,S008,P0110,0,2,1,0.0,2026-02-22
2026-02-28,S008,P0111,0,2,1,0.0,2026-02-25
2026-02-28,S008,P0112,0,2,1,0.0,2026-02-23
2026-02-28,S008,P0113,0,2,1,0.0,2026-02-20
2026-02-28,S008,P0114,0,2,1,0.0,2026-02-21
2026-02-28,S008,P0115,0,2,1,0.0,2026-02-28
2026-02-28,S008,P0116,0,2,1,0.0,2026-02-27
2026-02-28,S008,P0117,3,2,1,6.7,2026-02-26
2026-02-28,S008,P0118,0,2,1,0.0,2026-02-22
2026-02-28,S008,P0119,0,2,1,0.0,2026-02-22
2026-02-28,S008,P0120,0,2,1,0.0,2026-02-25
2026-02-28,S008,P0121,5,2,1,10.7,2026-02-21
2026-02-28,S008,P0122,0,2,1,0.0,2026-02-26
2026-02-28,S008,P0123,0,2,1,0.0,2026-02-18
2026-02-28,S008,P0124,1,2,1,3.3,2026-02-27
2026-02-28,S008,P0125,0,2,1,0.0,2026-02-18
2026-02-28,S008,P0126,1,2,1,5.0,2026-02-19
2026-02-28,S008,P0127,0,2,1,0.0,2026-02-24
2026-02-28,S008,P0128,0,2,1,0.0,2026-02-28
2026-02-28,S008,P0129,0,2,1,0.0,2026-02-21
2026-02-28,S008,P0130,0,2,1,0.0,2026-02-18
2026-02-28,S008,P0131,0,2,1,0.0,2026-02-22
2026-02-28,S008,P0132,1,2,1,10.0,2026-02-18
2026-02-28,S008,P0133,1,2,1,6.0,2026-02-27
2026-02-28,S008,P0134,0,2,1,0.0,2026-02-26
2026-02-28,S008,P0135,0,2,1,0.0,2026-02-23
2026-02-28,S008,P0136,1,2,1,3.4,2026-02-26
2026-02-28,S008,P0137,0,2,1,0.0,2026-02-26
2026-02-28,S008,P0138,4,2,1,9.4,2026-02-27
2026-02-28,S008,P0139,0,2,1,0.0,2026-02-20
2026-02-28,S008,P0140,0,2,1,0.0,2026-02-27
2026-02-28,S008,P0141,0,2,1,0.0,2026-02-27
2026-02-28,S008,P0142,0,2,1,0.0,2026-02-20
2026-02-28,S008,P0143,2,2,1,7.0,2026-02-25
2026-02-28,S008,P0144,0,2,1,0.0,2026-02-20
2026-02-28,S008,P0145,2,2,1,4.5,2026-02-24
2026-02-28,S008,P0146,3,2,1,13.3,2026-02-23
2026-02-28,S008,P0147,0,2,1,0.0,2026-02-21
2026-02-28,S008,P0148,0,2,1,0.0,2026-02-20
2026-02-28,S008,P0149,1,2,1,3.1,2026-02-22
2026-02-28,S008,P0150,0,2,1,0.0,2026-02-23
2026-02-28,S008,P0151,0,2,1,0.0,2026-02-28
2026-02-28,S008,P0152,1,2,1,4.3,2026-02-19
2026-02-28,S008,P0153,0,2,1,0.0,2026-02-19
2026-02-28,S008,P0154,1,2,1,5.0,2026-02-18
2026-02-28,S008,P0155,0,2,1,0.0,2026-02-24
2026-02-28,S008,P0156,3,2,1,12.1,2026-02-27
2026-02-28,S008,P0157,0,2,1,0.0,2026-02-25
2026-02-28,S008,P0158,0,2,1,0.0,2026-02-28
2026-02-28,S008,P0159,0,2,1,0.0,2026-02-26
2026-02-28,S008,P0160,0,2,1,0.0,2026-02-22
2026-02-28,S008,P0161,0,2,1,0.0,2026-02-24
2026-02-28,S008,P0162,0,2,1,0.0,2026-02-27
2026-02-28,S008,P0163,0,2,1,0.0,2026-02-24
2026-02-28,S008,P0164,4,2,1,12.0,2026-02-18
2026-02-28,S008,P0165,5,2,1,11.8,2026-02-23
2026-02-28,S008,P0166,0,2,1,0.0,2026-02-18
2026-02-28,S008,P0167,3,2,1,9.5,2026-02-23
2026-02-28,S008,P0168,0,2,1,0.0,2026-02-22
2026-02-28,S008,P0169,0,2,1,0.0,2026-02-22
2026-02-28,S008,P0170,0,2,1,0.0,2026-02-20
2026-02-28,S008,P0171,0,2,1,0.0,2026-02-22
2026-02-28,S008,P0172,0,2,1,0.0,2026-02-23
2026-02-28,S008,P0173,0,2,1,0.0,2026-02-22
2026-02-28,S008,P0174,1,2,1,7.5,2026-02-23
2026-02-28,S008,P0175,0,2,1,0.0,2026-02-22
2026-02-28,S008,P0176,3,2,1,10.0,2026-02-26
2026-02-28,S008,P0177,0,2,1,0.0,2026-02-26
2026-02-28,S008,P0178,0,2,1,0.0,2026-02-27
2026-02-28,S008,P0179,0,2,1,0.0,2026-02-26
2026-02-28,S008,P0180,0,2,1,0.0,2026-02-22
2026-02-28,S008,P0181,0,2,1,0.0,2026-02-21
2026-02-28,S008,P0182,0,2,1,0.0,2026-02-24
2026-02-28,S008,P0183,2,2,1,5.2,2026-02-18
2026-02-28,S008,P0184,4,2,1,10.8,2026-02-26
2026-02-28,S008,P0185,0,2,1,0.0,2026-02-18
2026-02-28,S008,P0186,0,2,1,0.0,2026-02-27
2026-02-28,S008,P0187,0,2,1,0.0,2026-02-22
2026-02-28,S008,P0188,1,2,1,10.0,2026-02-22
2026-02-28,S008,P0189,1,2,1,7.5,2026-02-28
2026-02-28,S008,P0190,4,2,1,8.7,2026-02-26
2026-02-28,S008,P0191,0,2,1,0.0,2026-02-24
2026-02-28,S008,P0192,0,2,1,0.0,2026-02-21
2026-02-28,S009,P0001,2,2,1,4.6,2026-02-21
2026-02-28,S009,P0002,2,2,1,5.1,2026-02-28
2026-02-28,S009,P0003,0,2,1,0.0,2026-02-20
2026-02-28,S009,P0004,0,2,1,0.0,2026-02-25
2026-02-28,S009,P0005,1,2,1,3.2,2026-02-28
2026-02-28,S009,P0006,0,2,1,0.0,2026-02-20
2026-02-28,S009,P0007,5,2,1,11.7,2026-02-26
2026-02-28,S009,P0008,0,2,1,0.0,2026-02-25
2026-02-28,S009,P0009,0,2,1,0.0,2026-02-24
2026-02-28,S009,P0010,0,2,1,0.0,2026-02-27
2026-02-28,S009,P0011,1,2,1,5.4,2026-02-23
2026-02-28,S009,P0012,0,2,1,0.0,2026-02-20
2026-02-28,S009,P0013,1,2,1,3.5,2026-02-19
2026-02-28,S009,P0014,0,2,1,0.0,2026-02-22
2026-02-28,S009,P0015,2,2,1,6.4,2026-02-21
2026-02-28,S009,P0016,0,2,1,0.0,2026-02-20
2026-02-28,S009,P0017,1,2,1,10.0,2026-02-19
2026-02-28,S009,P0018,2,3,1,4.1,2026-02-18
2026-02-28,S009,P0019,2,2,1,4.2,2026-02-18
2026-02-28,S009,P0020,0,2,1,0.0,2026-02-24
2026-02-28,S009,P0021,1,2,1,5.3,2026-02-21
2026-02-28,S009,P0022,3,2,1,6.5,2026-02-25
2026-02-28,S009,P0023,1,2,1,3.2,2026-02-28
2026-02-28,S009,P0024,4,2,1,11.2,2026-02-21
2026-02-28,S009,P0025,0,2,1,0.0,2026-02-25
2026-02-28,S009,P0026,1,2,1,2.4,2026-02-24
2026-02-28,S009,P0027,0,2,1,0.0,2026-02-25
2026-02-28,S009,P0028,0,2,1,0.0,2026-02-25
2026-02-28,S009,P0029,0,2,1,0.0,2026-02-24
2026-02-28,S009,P0030,0,2,1,0.0,2026-02-19
2026-02-28,S009,P0031,0,2,1,0.0,2026-02-19
2026-02-28,S009,P0032,2,2,1,4.3,2026-02-23
2026-02-28,S009,P0033,0,2,1,0.0,2026-02-26
2026-02-28,S009,P0034,0,2,1,0.0,2026-02-28
2026-02-28,S009,P0035,1,2,1,3.1,2026-02-27
2026-02-28,S009,P0036,0,2,1,0.0,2026-02-27
2026-02-28,S009,P0037,4,2,1,8.4,2026-02-25
2026-02-28,S009,P0038,1,2,1,3.2,2026-02-18
2026-02-28,S009,P0039,0,2,1,0.0,2026-02-26
2026-02-28,S009,P0040,1,2,1,6.0,2026-02-20
2026-02-28,S009,P0041,0,2,1,0.0,2026-02-24
2026-02-28,S009,P0042,0,2,1,0.0,2026-02-20
2026-02-28,S009,P0043,2,2,1,12.2,2026-02-22
2026-02-28,S009,P0044,0,2,1,0.0,2026-02-25
2026-02-28,S009,P0045,1,2,1,4.3,2026-02-23
2026-02-28,S009,P0046,0,2,1,0.0,2026-02-23
2026-02-28,S009,P0047,0,2,1,0.0,2026-02-19
2026-02-28,S009,P0048,2,2,1,10.5,2026-02-26
2026-02-28,S009,P0049,0,2,1,0.0,2026-02-24
2026-02-28,S009,P0050,0,2,1,0.0,2026-02-24
2026-02-28,S009,P0051,2,2,1,4.6,2026-02-21
2026-02-28,S009,P0052,0,2,1,0.0,2026-02-26
2026-02-28,S009,P0053,2,2,1,5.8,2026-02-25
2026-02-28,S009,P0054,1,2,1,2.4,2026-02-21
2026-02-28,S009,P0055,0,2,1,0.0,2026-02-22
2026-02-28,S009,P0056,0,2,1,0.0,2026-02-26
2026-02-28,S009,P0057,3,2,1,9.3,2026-02-18
2026-02-28,S009,P0058,0,2,1,0.0,2026-02-27
2026-02-28,S009,P0059,2,2,1,9.2,2026-02-23
2026-02-28,S009,P0060,1,2,1,10.0,2026-02-23
2026-02-28,S009,P0061,2,2,1,7.6,2026-02-21
2026-02-28,S009,P0062,0,2,1,0.0,2026-02-18
2026-02-28,S009,P0063,0,2,1,0.0,2026-02-21
2026-02-28,S009,P0064,2,2,1,5.8,2026-02-24
2026-02-28,S009,P0065,4,2,1,8.4,2026-02-27
2026-02-28,S009,P0066,0,2,1,0.0,2026-02-26
2026-02-28,S009,P0067,1,2,1,2.9,2026-02-24
2026-02-28,S009,P0068,2,2,1,6.7,2026-02-25
2026-02-28,S009,P0069,5,2,1,13.1,2026-02-27
2026-02-28,S009,P0070,2,2,1,8.1,2026-02-28
2026-02-28,S009,P0071,0,2,1,0.0,2026-02-25
2026-02-28,S009,P0072,0,2,1,0.0,2026-02-26
2026-02-28,S009,P0073,1,2,1,10.0,2026-02-23
2026-02-28,S009,P0074,3,2,1,10.0,2026-02-26
2026-02-28,S009,P0075,0,2,1,0.0,2026-02-25
2026-02-28,S009,P0076,3,2,1,7.5,2026-02-28
2026-02-28,S009,P0077,0,2,1,0.0,2026-02-23
2026-02-28,S009,P0078,1,3,1,2.1,2026-02-23
2026-02-28,S009,P0079,0,2,1,0.0,2026-02-27
2026-02-28,S009,P0080,1,2,1,10.0,2026-02-26
2026-02-28,S009,P0081,2,2,1,10.3,2026-02-25
2026-02-28,S009,P0082,0,2,1,0.0,2026-02-26
2026-02-28,S009,P0083,0,2,1,0.0,2026-02-27
2026-02-28,S009,P0084,0,2,1,0.0,2026-02-20
2026-02-28,S009,P0085,0,2,1,0.0,2026-02-28
2026-02-28,S009,P0086,0,2,1,0.0,2026-02-18
2026-02-28,S009,P0087,0,2,1,0.0,2026-02-18
2026-02-28,S009,P0088,0,2,1,0.0,2026-02-28
2026-02-28,S009,P0089,3,2,1,8.2,2026-02-25
2026-02-28,S009,P0090,1,2,1,6.5,2026-02-27
2026-02-28,S009,P0091,4,2,1,11.1,2026-02-22
2026-02-28,S009,P0092,1,2,1,5.8,2026-02-26
2026-02-28,S009,P0093,0,2,1,0.0,2026-02-19
2026-02-28,S009,P0094,0,2,1,0.0,2026-02-26
2026-02-28,S009,P0095,0,2,1,0.0,2026-02-24
2026-02-28,S009,P0096,0,2,1,0.0,2026-02-24
2026-02-28,S009,P0097,4,2,1,9.8,2026-02-26
2026-02-28,S009,P0098,2,2,1,8.9,2026-02-24
2026-02-28,S009,P0099,0,2,1,0.0,2026-02-19
2026-02-28,S009,P0100,0,2,1,0.0,2026-02-24
2026-02-28,S009,P0101,2,2,1,4.0,2026-02-28
2026-02-28,S009,P0102,1,2,1,15.0,2026-02-27
2026-02-28,S009,P0103,0,2,1,0.0,2026-02-25
2026-02-28,S009,P0104,0,2,1,0.0,2026-02-23
2026-02-28,S009,P0105,0,2,1,0.0,2026-02-18
2026-02-28,S009,P0106,3,3,1,5.6,2026-02-26
2026-02-28,S009,P0107,0,2,1,0.0,2026-02-21
2026-02-28,S009,P0108,1,2,1,6.0,2026-02-28
2026-02-28,S009,P0109,1,2,1,4.3,2026-02-19
2026-02-28,S009,P0110,0,2,1,0.0,2026-02-18
2026-02-28,S009,P0111,0,2,1,0.0,2026-02-27
2026-02-28,S009,P0112,1,2,1,7.5,2026-02-26
2026-02-28,S009,P0113,0,2,1,0.0,2026-02-23
2026-02-28,S009,P0114,0,2,1,0.0,2026-02-21
2026-02-28,S009,P0115,0,2,1,0.0,2026-02-24
2026-02-28,S009,P0116,3,2,1,9.1,2026-02-18
2026-02-28,S009,P0117,2,2,1,5.0,2026-02-18
2026-02-28,S009,P0118,2,2,1,7.4,2026-02-25
2026-02-28,S009,P0119,0,2,1,0.0,2026-02-27
2026-02-28,S009,P0120,4,2,1,10.5,2026-02-21
2026-02-28,S009,P0121,1,2,1,7.8,2026-02-23
2026-02-28,S009,P0122,0,2,1,0.0,2026-02-24
2026-02-28,S009,P0123,0,2,1,0.0,2026-02-20
2026-02-28,S009,P0124,0,2,1,0.0,2026-02-25
2026-02-28,S009,P0125,5,2,1,11.6,2026-02-23
2026-02-28,S009,P0126,0,2,1,0.0,2026-02-18
2026-02-28,S009,P0127,3,2,1,8.2,2026-02-28
2026-02-28,S009,P0128,0,2,1,0.0,2026-02-18
2026-02-28,S009,P0129,0,2,1,0.0,2026-02-23
2026-02-28,S009,P0130,0,2,1,0.0,2026-02-19
2026-02-28,S009,P0131,0,2,1,0.0,2026-02-24
2026-02-28,S009,P0132,0,2,1,0.0,2026-02-28
2026-02-28,S009,P0133,1,2,1,7.7,2026-02-28
2026-02-28,S009,P0134,1,2,1,10.0,2026-02-19
2026-02-28,S009,P0135,0,2,1,0.0,2026-02-25
2026-02-28,S009,P0136,5,2,1,11.8,2026-02-21
2026-02-28,S009,P0137,0,2,1,0.0,2026-02-22
2026-02-28,S009,P0138,0,2,1,0.0,2026-02-26
2026-02-28,S009,P0139,0,2,1,0.0,2026-02-22
2026-02-28,S009,P0140,5,2,1,10.3,2026-02-19
2026-02-28,S009,P0141,1,2,1,5.8,2026-02-27
2026-02-28,S009,P0142,0,2,1,0.0,2026-02-21
2026-02-28,S009,P0143,1,2,1,6.0,2026-02-21
2026-02-28,S009,P0144,0,2,1,0.0,2026-02-28
2026-02-28,S009,P0145,4,2,1,9.4,2026-02-25
2026-02-28,S009,P0146,0,2,1,0.0,2026-02-22
2026-02-28,S009,P0147,0,2,1,0.0,2026-02-21
2026-02-28,S009,P0148,0,2,1,0.0,2026-02-23
2026-02-28,S009,P0149,0,2,1,0.0,2026-02-27
2026-02-28,S009,P0150,4,2,1,10.5,2026-02-24
2026-02-28,S009,P0151,5,2,1,11.1,2026-02-26
2026-02-28,S009,P0152,0,2,1,0.0,2026-02-19
2026-02-28,S009,P0153,1,2,1,5.5,2026-02-28
2026-02-28,S009,P0154,1,2,1,30.0,2026-02-23
2026-02-28,S009,P0155,0,2,1,0.0,2026-02-21
2026-02-28,S009,P0156,0,2,1,0.0,2026-02-22
2026-02-28,S009,P0157,5,2,1,12.5,2026-02-26
2026-02-28,S009,P0158,0,2,1,0.0,2026-02-22
2026-02-28,S009,P0159,0,2,1,0.0,2026-02-20
2026-02-28,S009,P0160,0,2,1,0.0,2026-02-22
2026-02-28,S009,P0161,0,2,1,0.0,2026-02-28
2026-02-28,S009,P0162,0,2,1,0.0,2026-02-24
2026-02-28,S009,P0163,1,2,1,4.6,2026-02-27
2026-02-28,S009,P0164,0,2,1,0.0,2026-02-23
2026-02-28,S009,P0165,0,2,1,0.0,2026-02-26
2026-02-28,S009,P0166,0,2,1,0.0,2026-02-25
2026-02-28,S009,P0167,4,2,1,11.6,2026-02-27
2026-02-28,S009,P0168,1,2,1,4.2,2026-02-24
2026-02-28,S009,P0169,5,2,1,10.3,2026-02-26
2026-02-28,S009,P0170,0,2,1,0.0,2026-02-26
2026-02-28,S009,P0171,0,2,1,0.0,2026-02-24
2026-02-28,S009,P0172,2,2,1,8.4,2026-02-20
2026-02-28,S009,P0173,1,2,1,6.2,2026-02-21
2026-02-28,S009,P0174,0,2,1,0.0,2026-02-25
2026-02-28,S009,P0175,0,2,1,0.0,2026-02-25
2026-02-28,S009,P0176,0,2,1,0.0,2026-02-18
2026-02-28,S009,P0177,0,3,1,0.0,2026-02-24
2026-02-28,S009,P0178,0,2,1,0.0,2026-02-22
2026-02-28,S009,P0179,0,2,1,0.0,2026-02-18
2026-02-28,S009,P0180,0,2,1,0.0,2026-02-21
2026-02-28,S009,P0181,0,2,1,0.0,2026-02-24
2026-02-28,S009,P0182,0,2,1,0.0,2026-02-25
2026-02-28,S009,P0183,2,2,1,5.0,2026-02-23
2026-02-28,S009,P0184,0,2,1,0.0,2026-02-22
2026-02-28,S009,P0185,2,2,1,8.3,2026-02-22
2026-02-28,S009,P0186,0,2,1,0.0,2026-02-22
2026-02-28,S009,P0187,2,2,1,6.9,2026-02-21
2026-02-28,S009,P0188,0,2,1,0.0,2026-02-20
2026-02-28,S009,P0189,1,2,1,10.0,2026-02-19
2026-02-28,S009,P0190,0,2,1,0.0,2026-02-19
2026-02-28,S009,P0191,0,2,1,0.0,2026-02-18
2026-02-28,S009,P0192,5,2,1,10.8,2026-02-18
2026-02-28,S010,P0001,2,2,1,10.2,2026-02-24
2026-02-28,S010,P0002,0,2,1,0.0,2026-02-26
2026-02-28,S010,P0003,0,2,1,0.0,2026-02-19
2026-02-28,S010,P0004,1,2,1,7.5,2026-02-18
2026-02-28,S010,P0005,6,2,1,12.6,2026-02-21
2026-02-28,S010,P0006,0,2,1,0.0,2026-02-27
2026-02-28,S010,P0007,1,2,1,4.7,2026-02-23
2026-02-28,S010,P0008,1,2,1,7.5,2026-02-24
2026-02-28,S010,P0009,1,2,1,5.6,2026-02-18
2026-02-28,S010,P0010,0,2,1,0.0,2026-02-25
2026-02-28,S010,P0011,0,2,1,0.0,2026-02-24
2026-02-28,S010,P0012,1,2,1,5.9,2026-02-19
2026-02-28,S010,P0013,4,2,1,9.3,2026-02-24
2026-02-28,S010,P0014,1,2,1,9.6,2026-02-26
2026-02-28,S010,P0015,0,2,1,0.0,2026-02-26
2026-02-28,S010,P0016,0,2,1,0.0,2026-02-25
2026-02-28,S010,P0017,0,2,1,0.0,2026-02-28
2026-02-28,S010,P0018,0,2,1,0.0,2026-02-23
2026-02-28,S010,P0019,0,2,1,0.0,2026-02-23
2026-02-28,S010,P0020,0,2,1,0.0,2026-02-20
2026-02-28,S010,P0021,0,2,1,0.0,2026-02-18
2026-02-28,S010,P0022,2,2,1,9.1,2026-02-23
2026-02-28,S010,P0023,4,2,1,11.4,2026-02-18
2026-02-28,S010,P0024,1,2,1,2.0,2026-02-19
2026-02-28,S010,P0025,0,2,1,0.0,2026-02-18
2026-02-28,S010,P0026,0,2,1,0.0,2026-02-25
2026-02-28,S010,P0027,0,2,1,0.0,2026-02-23
2026-02-28,S010,P0028,0,2,1,0.0,2026-02-27
2026-02-28,S010,P0029,4,2,1,9.4,2026-02-20
2026-02-28,S010,P0030,0,2,1,0.0,2026-02-28
2026-02-28,S010,P0031,4,2,1,12.4,2026-02-20
2026-02-28,S010,P0032,0,2,1,0.0,2026-02-20
2026-02-28,S010,P0033,0,2,1,0.0,2026-02-22
2026-02-28,S010,P0034,1,2,1,8.1,2026-02-19
2026-02-28,S010,P0035,0,2,1,0.0,2026-02-20
2026-02-28,S010,P0036,0,2,1,0.0,2026-02-19
2026-02-28,S010,P0037,0,2,1,0.0,2026-02-23
2026-02-28,S010,P0038,0,2,1,0.0,2026-02-18
2026-02-28,S010,P0039,2,2,1,8.6,2026-02-18
2026-02-28,S010,P0040,0,2,1,0.0,2026-02-27
2026-02-28,S010,P0041,0,2,1,0.0,2026-02-25
2026-02-28,S010,P0042,2,3,1,4.4,2026-02-18
2026-02-28,S010,P0043,3,2,1,8.1,2026-02-22
2026-02-28,S010,P0044,0,2,1,0.0,2026-02-23
2026-02-28,S010,P0045,5,2,1,10.1,2026-02-18
2026-02-28,S010,P0046,1,2,1,30.0,2026-02-20
2026-02-28,S010,P0047,1,2,1,6.0,2026-02-18
2026-02-28,S010,P0048,0,2,1,0.0,2026-02-26
2026-02-28,S010,P0049,1,2,1,6.0,2026-02-18
2026-02-28,S010,P0050,6,2,1,12.4,2026-02-21
2026-02-28,S010,P0051,2,2,1,10.7,2026-02-20
2026-02-28,S010,P0052,3,2,1,6.9,2026-02-19
2026-02-28,S010,P0053,0,2,1,0.0,2026-02-22
2026-02-28,S010,P0054,0,2,1,0.0,2026-02-23
2026-02-28,S010,P0055,1,2,1,6.2,2026-02-26
2026-02-28,S010,P0056,0,2,1,0.0,2026-02-28
2026-02-28,S010,P0057,2,2,1,12.1,2026-02-23
2026-02-28,S010,P0058,0,2,1,0.0,2026-02-21
2026-02-28,S010,P0059,0,2,1,0.0,2026-02-28
2026-02-28,S010,P0060,0,2,1,0.0,2026-02-23
2026-02-28,S010,P0061,0,2,1,0.0,2026-02-23
2026-02-28,S010,P0062,1,2,1,7.5,2026-02-27
2026-02-28,S010,P0063,1,2,1,3.6,2026-02-28
2026-02-28,S010,P0064,0,2,1,0.0,2026-02-28
2026-02-28,S010,P0065,0,2,1,0.0,2026-02-28
2026-02-28,S010,P0066,0,2,1,0.0,2026-02-23
2026-02-28,S010,P0067,0,2,1,0.0,2026-02-22
2026-02-28,S010,P0068,0,2,1,0.0,2026-02-20
2026-02-28,S010,P0069,0,2,1,0.0,2026-02-23
2026-02-28,S010,P0070,0,2,1,0.0,2026-02-26
2026-02-28,S010,P0071,0,2,1,0.0,2026-02-26
2026-02-28,S010,P0072,3,2,1,8.5,2026-02-20
2026-02-28,S010,P0073,0,2,1,0.0,2026-02-19
2026-02-28,S010,P0074,0,2,1,0.0,2026-02-22
2026-02-28,S010,P0075,1,2,1,2.4,2026-02-27
2026-02-28,S010,P0076,0,2,1,0.0,2026-02-25
2026-02-28,S010,P0077,0,2,1,0.0,2026-02-26
2026-02-28,S010,P0078,1,2,1,3.7,2026-02-24
2026-02-28,S010,P0079,0,2,1,0.0,2026-02-24
2026-02-28,S010,P0080,0,2,1,0.0,2026-02-21
2026-02-28,S010,P0081,2,2,1,6.2,2026-02-24
2026-02-28,S010,P0082,1,2,1,4.8,2026-02-19
2026-02-28,S010,P0083,2,2,1,4.8,2026-02-18
2026-02-28,S010,P0084,0,2,1,0.0,2026-02-26
2026-02-28,S010,P0085,1,2,1,3.2,2026-02-26
2026-02-28,S010,P0086,0,2,1,0.0,2026-02-23
2026-02-28,S010,P0087,0,2,1,0.0,2026-02-24
2026-02-28,S010,P0088,2,2,1,9.4,2026-02-27
2026-02-28,S010,P0089,1,2,1,2.9,2026-02-22
2026-02-28,S010,P0090,0,2,1,0.0,2026-02-22
2026-02-28,S010,P0091,0,2,1,0.0,2026-02-21
2026-02-28,S010,P0092,2,2,1,5.3,2026-02-24
2026-02-28,S010,P0093,0,2,1,0.0,2026-02-19
2026-02-28,S010,P0094,1,2,1,30.0,2026-02-26
2026-02-28,S010,P0095,6,2,1,12.1,2026-02-20
2026-02-28,S010,P0096,0,2,1,0.0,2026-02-25
2026-02-28,S010,P0097,0,2,1,0.0,2026-02-23
2026-02-28,S010,P0098,0,2,1,0.0,2026-02-22
2026-02-28,S010,P0099,0,2,1,0.0,2026-02-28
2026-02-28,S010,P0100,0,2,1,0.0,2026-02-22
2026-02-28,S010,P0101,5,2,1,11.1,2026-02-18
2026-02-28,S010,P0102,1,2,1,6.3,2026-02-25
2026-02-28,S010,P0103,6,3,1,12.2,2026-02-21
2026-02-28,S010,P0104,0,2,1,0.0,2026-02-22
2026-02-28,S010,P0105,0,2,1,0.0,2026-02-20
2026-02-28,S010,P0106,3,2,1,12.9,2026-02-28
2026-02-28,S010,P0107,0,2,1,0.0,2026-02-26
2026-02-28,S010,P0108,1,2,1,10.0,2026-02-25
2026-02-28,S010,P0109,0,2,1,0.0,2026-02-19
2026-02-28,S010,P0110,0,2,1,0.0,2026-02-23
2026-02-28,S010,P0111,0,2,1,0.0,2026-02-24
2026-02-28,S010,P0112,0,2,1,0.0,2026-02-22
2026-02-28,S010,P0113,0,2,1,0.0,2026-02-21
2026-02-28,S010,P0114,0,2,1,0.0,2026-02-20
2026-02-28,S010,P0115,0,2,1,0.0,2026-02-25
2026-02-28,S010,P0116,1,2,1,2.6,2026-02-24
2026-02-28,S010,P0117,1,2,1,3.2,2026-02-21
2026-02-28,S010,P0118,0,2,1,0.0,2026-02-19
2026-02-28,S010,P0119,0,2,1,0.0,2026-02-19
2026-02-28,S010,P0120,1,2,1,30.0,2026-02-22
2026-02-28,S010,P0121,0,2,1,0.0,2026-02-24
2026-02-28,S010,P0122,0,2,1,0.0,2026-02-18
2026-02-28,S010,P0123,2,2,1,4.1,2026-02-18
2026-02-28,S010,P0124,0,2,1,0.0,2026-02-25
2026-02-28,S010,P0125,0,2,1,0.0,2026-02-22
2026-02-28,S010,P0126,1,2,1,3.5,2026-02-20
2026-02-28,S010,P0127,0,2,1,0.0,2026-02-26
2026-02-28,S010,P0128,2,2,1,9.5,2026-02-21
2026-02-28,S010,P0129,0,2,1,0.0,2026-02-19
2026-02-28,S010,P0130,1,2,1,7.5,2026-02-18
2026-02-28,S010,P0131,1,2,1,6.0,2026-02-24
2026-02-28,S010,P0132,1,2,1,7.5,2026-02-25
2026-02-28,S010,P0133,0,2,1,0.0,2026-02-25
2026-02-28,S010,P0134,0,2,1,0.0,2026-02-26
2026-02-28,S010,P0135,5,3,1,10.9,2026-02-27
2026-02-28,S010,P0136,0,2,1,0.0,2026-02-23
2026-02-28,S010,P0137,0,2,1,0.0,2026-02-27
2026-02-28,S010,P0138,0,2,1,0.0,2026-02-26
2026-02-28,S010,P0139,0,2,1,0.0,2026-02-25
2026-02-28,S010,P0140,0,2,1,0.0,2026-02-28
2026-02-28,S010,P0141,0,2,1,0.0,2026-02-26
2026-02-28,S010,P0142,1,2,1,3.1,2026-02-23
2026-02-28,S010,P0143,1,2,1,7.5,2026-02-26
2026-02-28,S010,P0144,0,2,1,0.0,2026-02-25
2026-02-28,S010,P0145,5,2,1,11.2,2026-02-23
2026-02-28,S010,P0146,1,2,1,6.5,2026-02-23
2026-02-28,S010,P0147,0,2,1,0.0,2026-02-19
2026-02-28,S010,P0148,0,2,1,0.0,2026-02-20
2026-02-28,S010,P0149,0,2,1,0.0,2026-02-21
2026-02-28,S010,P0150,0,2,1,0.0,2026-02-27
2026-02-28,S010,P0151,0,2,1,0.0,2026-02-22
2026-02-28,S010,P0152,0,2,1,0.0,2026-02-19
2026-02-28,S010,P0153,0,2,1,0.0,2026-02-28
2026-02-28,S010,P0154,1,2,1,3.1,2026-02-26
2026-02-28,S010,P0155,2,2,1,10.0,2026-02-26
2026-02-28,S010,P0156,1,2,1,7.5,2026-02-26
2026-02-28,S010,P0157,0,2,1,0.0,2026-02-23
2026-02-28,S010,P0158,0,2,1,0.0,2026-02-26
2026-02-28,S010,P0159,1,2,1,7.5,2026-02-21
2026-02-28,S010,P0160,2,2,1,13.0,2026-02-20
2026-02-28,S010,P0161,0,2,1,0.0,2026-02-20
2026-02-28,S010,P0162,1,2,1,10.0,2026-02-25
2026-02-28,S010,P0163,0,2,1,0.0,2026-02-23
2026-02-28,S010,P0164,1,2,1,10.0,2026-02-18
2026-02-28,S010,P0165,0,2,1,0.0,2026-02-19
2026-02-28,S010,P0166,0,2,1,0.0,2026-02-21
2026-02-28,S010,P0167,0,2,1,0.0,2026-02-22
2026-02-28,S010,P0168,1,2,1,5.0,2026-02-22
2026-02-28,S010,P0169,0,2,1,0.0,2026-02-28
2026-02-28,S010,P0170,1,2,1,3.3,2026-02-23
2026-02-28,S010,P0171,1,2,1,3.0,2026-02-21
2026-02-28,S010,P0172,1,2,1,6.7,2026-02-26
2026-02-28,S010,P0173,1,2,1,6.3,2026-02-21
2026-02-28,S010,P0174,1,2,1,7.5,2026-02-18
2026-02-28,S010,P0175,0,2,1,0.0,2026-02-26
2026-02-28,S010,P0176,1,2,1,6.0,2026-02-21
2026-02-28,S010,P0177,0,2,1,0.0,2026-02-27
2026-02-28,S010,P0178,0,2,1,0.0,2026-02-22
2026-02-28,S010,P0179,0,2,1,0.0,2026-02-25
2026-02-28,S010,P0180,0,2,1,0.0,2026-02-27
2026-02-28,S010,P0181,0,2,1,0.0,2026-02-27
2026-02-28,S010,P0182,0,2,1,0.0,2026-02-20
2026-02-28,S010,P0183,0,2,1,0.0,2026-02-27
2026-02-28,S010,P0184,0,2,1,0.0,2026-02-19
2026-02-28,S010,P0185,0,2,1,0.0,2026-02-26
2026-02-28,S010,P0186,0,2,1,0.0,2026-02-24
2026-02-28,S010,P0187,1,2,1,6.9,2026-02-24
2026-02-28,S010,P0188,0,2,1,0.0,2026-02-27
2026-02-28,S010,P0189,1,2,1,10.0,2026-02-19
2026-02-28,S010,P0190,2,2,1,8.1,2026-02-18
2026-02-28,S010,P0191,0,2,1,0.0,2026-02-21
2026-02-28,S010,P0192,3,2,1,7.3,2026-02-27
2026-02-28,S011,P0001,1,2,1,4.0,2026-02-21
2026-02-28,S011,P0002,0,2,1,0.0,2026-02-25
2026-02-28,S011,P0003,3,2,1,9.1,2026-02-28
2026-02-28,S011,P0004,2,3,1,4.6,2026-02-26
2026-02-28,S011,P0005,0,2,1,0.0,2026-02-22
2026-02-28,S011,P0006,0,2,1,0.0,2026-02-28
2026-02-28,S011,P0007,4,2,1,10.3,2026-02-18
2026-02-28,S011,P0008,0,2,1,0.0,2026-02-20
2026-02-28,S011,P0009,5,2,1,10.8,2026-02-28
2026-02-28,S011,P0010,1,2,1,30.0,2026-02-27
2026-02-28,S011,P0011,0,2,1,0.0,2026-02-23
2026-02-28,S011,P0012,0,2,1,0.0,2026-02-19
2026-02-28,S011,P0013,0,2,1,0.0,2026-02-20
2026-02-28,S011,P0014,1,2,1,30.0,2026-02-26
2026-02-28,S011,P0015,1,2,1,3.3,2026-02-25
2026-02-28,S011,P0016,0,2,1,0.0,2026-02-25
2026-02-28,S011,P0017,0,2,1,0.0,2026-02-23
2026-02-28,S011,P0018,0,2,1,0.0,2026-02-20
2026-02-28,S011,P0019,0,2,1,0.0,2026-02-24
2026-02-28,S011,P0020,0,2,1,0.0,2026-02-19
2026-02-28,S011,P0021,3,2,1,7.6,2026-02-27
2026-02-28,S011,P0022,1,2,1,2.1,2026-02-28
2026-02-28,S011,P0023,0,2,1,0.0,2026-02-26
2026-02-28,S011,P0024,0,2,1,0.0,2026-02-25
2026-02-28,S011,P0025,2,2,1,6.8,2026-02-23
2026-02-28,S011,P0026,1,2,1,4.5,2026-02-19
2026-02-28,S011,P0027,0,2,1,0.0,2026-02-26
2026-02-28,S011,P0028,0,2,1,0.0,2026-02-21
2026-02-28,S011,P0029,0,2,1,0.0,2026-02-19
2026-02-28,S011,P0030,3,2,1,10.1,2026-02-20
2026-02-28,S011,P0031,0,2,1,0.0,2026-02-20
2026-02-28,S011,P0032,0,2,1,0.0,2026-02-21
2026-02-28,S011,P0033,2,2,1,10.0,2026-02-27
2026-02-28,S011,P0034,0,2,1,0.0,2026-02-26
2026-02-28,S011,P0035,3,2,1,7.7,2026-02-25
2026-02-28,S011,P0036,0,2,1,0.0,2026-02-22
2026-02-28,S011,P0037,0,2,1,0.0,2026-02-23
2026-02-28,S011,P0038,1,2,1,5.2,2026-02-26
2026-02-28,S011,P0039,0,2,1,0.0,2026-02-20
2026-02-28,S011,P0040,0,2,1,0.0,2026-02-21
2026-02-28,S011,P0041,0,2,1,0.0,2026-02-20
2026-02-28,S011,P0042,0,2,1,0.0,2026-02-26
2026-02-28,S011,P0043,0,2,1,0.0,2026-02-26
2026-02-28,S011,P0044,2,2,1,10.0,2026-02-22
2026-02-28,S011,P0045,3,2,1,11.4,2026-02-21
2026-02-28,S011,P0046,2,2,1,4.1,2026-02-23
2026-02-28,S011,P0047,0,2,1,0.0,2026-02-21
2026-02-28,S011,P0048,2,2,1,7.5,2026-02-26
2026-02-28,S011,P0049,0,2,1,0.0,2026-02-21
2026-02-28,S011,P0050,0,2,1,0.0,2026-02-21
2026-02-28,S011,P0051,0,2,1,0.0,2026-02-27
2026-02-28,S011,P0052,1,2,1,6.0,2026-02-26
2026-02-28,S011,P0053,0,2,1,0.0,2026-02-20
2026-02-28,S011,P0054,0,2,1,0.0,2026-02-23
2026-02-28,S011,P0055,0,2,1,0.0,2026-02-28
2026-02-28,S011,P0056,2,2,1,10.4,2026-02-27
2026-02-28,S011,P0057,4,2,1,8.6,2026-02-23
2026-02-28,S011,P0058,4,2,1,11.7,2026-02-20
2026-02-28,S011,P0059,1,2,1,5.0,2026-02-28
2026-02-28,S011,P0060,0,2,1,0.0,2026-02-25
2026-02-28,S011,P0061,2,2,1,4.1,2026-02-28
2026-02-28,S011,P0062,0,2,1,0.0,2026-02-25
2026-02-28,S011,P0063,0,3,1,0.0,2026-02-18
2026-02-28,S011,P0064,3,3,1,6.5,2026-02-18
2026-02-28,S011,P0065,1,2,1,2.1,2026-02-25
2026-02-28,S011,P0066,0,2,1,0.0,2026-02-18
2026-02-28,S011,P0067,0,2,1,0.0,2026-02-22
2026-02-28,S011,P0068,0,2,1,0.0,2026-02-24
2026-02-28,S011,P0069,1,2,1,3.5,2026-02-20
2026-02-28,S011,P0070,5,2,1,10.1,2026-02-28
2026-02-28,S011,P0071,0,2,1,0.0,2026-02-21
2026-02-28,S011,P0072,0,2,1,0.0,2026-02-28
2026-02-28,S011,P0073,3,2,1,9.5,2026-02-19
2026-02-28,S011,P0074,2,2,1,4.0,2026-02-24
2026-02-28,S011,P0075,5,2,1,11.8,2026-02-28
2026-02-28,S011,P0076,4,2,1,9.8,2026-02-22
2026-02-28,S011,P0077,0,2,1,0.0,2026-02-24
2026-02-28,S011,P0078,0,2,1,0.0,2026-02-25
2026-02-28,S011,P0079,0,2,1,0.0,2026-02-20
2026-02-28,S011,P0080,0,2,1,0.0,2026-02-27
2026-02-28,S011,P0081,0,2,1,0.0,2026-02-23
2026-02-28,S011,P0082,3,2,1,9.0,2026-02-18
2026-02-28,S011,P0083,1,2,1,10.0,2026-02-22
2026-02-28,S011,P0084,4,2,1,11.4,2026-02-24
2026-02-28,S011,P0085,0,2,1,0.0,2026-02-19
2026-02-28,S011,P0086,0,2,1,0.0,2026-02-20
2026-02-28,S011,P0087,1,2,1,7.5,2026-02-27
2026-02-28,S011,P0088,1,2,1,2.4,2026-02-26
2026-02-28,S011,P0089,0,2,1,0.0,2026-02-26
2026-02-28,S011,P0090,0,2,1,0.0,2026-02-19
2026-02-28,S011,P0091,0,2,1,0.0,2026-02-27
2026-02-28,S011,P0092,0,2,1,0.0,2026-02-28
2026-02-28,S011,P0093,0,2,1,0.0,2026-02-26
2026-02-28,S011,P0094,1,2,1,6.0,2026-02-21
2026-02-28,S011,P0095,0,2,1,0.0,2026-02-21
2026-02-28,S011,P0096,0,2,1,0.0,2026-02-23
2026-02-28,S011,P0097,1,2,1,2.6,2026-02-21
2026-02-28,S011,P0098,2,2,1,9.8,2026-02-28
2026-02-28,S011,P0099,3,2,1,7.0,2026-02-22
2026-02-28,S011,P0100,0,2,1,0.0,2026-02-19
2026-02-28,S011,P0101,5,2,1,10.1,2026-02-27
2026-02-28,S011,P0102,0,2,1,0.0,2026-02-25
2026-02-28,S011,P0103,0,2,1,0.0,2026-02-20
2026-02-28,S011,P0104,2,2,1,9.5,2026-02-19
2026-02-28,S011,P0105,0,2,1,0.0,2026-02-20
2026-02-28,S011,P0106,1,2,1,2.7,2026-02-21
2026-02-28,S011,P0107,1,2,1,6.0,2026-02-22
2026-02-28,S011,P0108,0,2,1,0.0,2026-02-24
2026-02-28,S011,P0109,1,2,1,5.0,2026-02-19
2026-02-28,S011,P0110,3,2,1,6.1,2026-02-21
2026-02-28,S011,P0111,0,2,1,0.0,2026-02-24
2026-02-28,S011,P0112,0,2,1,0.0,2026-02-23
2026-02-28,S011,P0113,1,2,1,7.5,2026-02-21
2026-02-28,S011,P0114,1,2,1,2.4,2026-02-22
2026-02-28,S011,P0115,0,2,1,0.0,2026-02-20
2026-02-28,S011,P0116,0,2,1,0.0,2026-02-24
2026-02-28,S011,P0117,1,2,1,3.1,2026-02-20
2026-02-28,S011,P0118,0,2,1,0.0,2026-02-22
2026-02-28,S011,P0119,6,2,1,12.6,2026-02-28
2026-02-28,S011,P0120,0,2,1,0.0,2026-02-28
2026-02-28,S011,P0121,0,2,1,0.0,2026-02-26
2026-02-28,S011,P0122,0,2,1,0.0,2026-02-19
2026-02-28,S011,P0123,1,2,1,2.7,2026-02-18
2026-02-28,S011,P0124,3,3,1,6.2,2026-02-20
2026-02-28,S011,P0125,4,3,1,8.1,2026-02-19
2026-02-28,S011,P0126,0,2,1,0.0,2026-02-24
2026-02-28,S011,P0127,0,2,1,0.0,2026-02-21
2026-02-28,S011,P0128,0,2,1,0.0,2026-02-18
2026-02-28,S011,P0129,0,2,1,0.0,2026-02-19
2026-02-28,S011,P0130,0,2,1,0.0,2026-02-18
2026-02-28,S011,P0131,0,2,1,0.0,2026-02-24
2026-02-28,S011,P0132,0,2,1,0.0,2026-02-24
2026-02-28,S011,P0133,3,2,1,10.8,2026-02-24
2026-02-28,S011,P0134,0,2,1,0.0,2026-02-21
2026-02-28,S011,P0135,0,2,1,0.0,2026-02-26
2026-02-28,S011,P0136,0,2,1,0.0,2026-02-21
2026-02-28,S011,P0137,0,2,1,0.0,2026-02-22
2026-02-28,S011,P0138,1,2,1,7.5,2026-02-23
2026-02-28,S011,P0139,0,2,1,0.0,2026-02-27
2026-02-28,S011,P0140,1,2,1,10.0,2026-02-24
2026-02-28,S011,P0141,0,2,1,0.0,2026-02-21
2026-02-28,S011,P0142,0,2,1,0.0,2026-02-22
2026-02-28,S011,P0143,0,2,1,0.0,2026-02-18
2026-02-28,S011,P0144,0,2,1,0.0,2026-02-24
2026-02-28,S011,P0145,0,2,1,0.0,2026-02-26
2026-02-28,S011,P0146,4,2,1,11.5,2026-02-20
2026-02-28,S011,P0147,0,2,1,0.0,2026-02-25
2026-02-28,S011,P0148,0,2,1,0.0,2026-02-18
2026-02-28,S011,P0149,3,2,1,8.2,2026-02-21
2026-02-28,S011,P0150,3,2,1,9.5,2026-02-20
2026-02-28,S011,P0151,0,2,1,0.0,2026-02-27
2026-02-28,S011,P0152,0,2,1,0.0,2026-02-23
2026-02-28,S011,P0153,1,2,1,10.0,2026-02-26
2026-02-28,S011,P0154,4,3,1,8.2,2026-02-20
2026-02-28,S011,P0155,0,2,1,0.0,2026-02-25
2026-02-28,S011,P0156,0,2,1,0.0,2026-02-21
2026-02-28,S011,P0157,0,2,1,0.0,2026-02-19
2026-02-28,S011,P0158,0,2,1,0.0,2026-02-22
2026-02-28,S011,P0159,0,2,1,0.0,2026-02-28
2026-02-28,S011,P0160,0,2,1,0.0,2026-02-21
2026-02-28,S011,P0161,0,2,1,0.0,2026-02-20
2026-02-28,S011,P0162,0,2,1,0.0,2026-02-20
2026-02-28,S011,P0163,0,2,1,0.0,2026-02-23
2026-02-28,S011,P0164,3,2,1,8.3,2026-02-20
2026-02-28,S011,P0165,0,2,1,0.0,2026-02-19
2026-02-28,S011,P0166,2,2,1,4.2,2026-02-25
2026-02-28,S011,P0167,0,2,1,0.0,2026-02-20
2026-02-28,S011,P0168,2,2,1,5.1,2026-02-28
2026-02-28,S011,P0169,6,2,1,12.3,2026-02-24
2026-02-28,S011,P0170,0,2,1,0.0,2026-02-23
2026-02-28,S011,P0171,0,2,1,0.0,2026-02-24
2026-02-28,S011,P0172,0,2,1,0.0,2026-02-19
2026-02-28,S011,P0173,1,2,1,8.5,2026-02-22
2026-02-28,S011,P0174,0,2,1,0.0,2026-02-25
2026-02-28,S011,P0175,0,2,1,0.0,2026-02-22
2026-02-28,S011,P0176,0,2,1,0.0,2026-02-26
2026-02-28,S011,P0177,0,2,1,0.0,2026-02-21
2026-02-28,S011,P0178,0,2,1,0.0,2026-02-21
2026-02-28,S011,P0179,0,2,1,0.0,2026-02-25
2026-02-28,S011,P0180,1,2,1,6.1,2026-02-24
2026-02-28,S011,P0181,0,2,1,0.0,2026-02-18
2026-02-28,S011,P0182,1,2,1,3.2,2026-02-20
2026-02-28,S011,P0183,0,2,1,0.0,2026-02-24
2026-02-28,S011,P0184,0,2,1,0.0,2026-02-25
2026-02-28,S011,P0185,0,2,1,0.0,2026-02-24
2026-02-28,S011,P0186,3,2,1,8.9,2026-02-22
2026-02-28,S011,P0187,5,2,1,11.0,2026-02-25
2026-02-28,S011,P0188,1,2,1,10.0,2026-02-19
2026-02-28,S011,P0189,0,2,1,0.0,2026-02-26
2026-02-28,S011,P0190,0,2,1,0.0,2026-02-19
2026-02-28,S011,P0191,0,2,1,0.0,2026-02-27
2026-02-28,S011,P0192,4,2,1,10.8,2026-02-27
2026-02-28,S012,P0001,1,2,1,6.5,2026-02-18
2026-02-28,S012,P0002,1,2,1,2.8,2026-02-18
2026-02-28,S012,P0003,1,2,1,8.0,2026-02-27
2026-02-28,S012,P0004,0,2,1,0.0,2026-02-18
2026-02-28,S012,P0005,0,2,1,0.0,2026-02-24
2026-02-28,S012,P0006,0,2,1,0.0,2026-02-20
2026-02-28,S012,P0007,0,2,1,0.0,2026-02-19
2026-02-28,S012,P0008,2,2,1,11.6,2026-02-26
2026-02-28,S012,P0009,0,2,1,0.0,2026-02-27
2026-02-28,S012,P0010,0,2,1,0.0,2026-02-20
2026-02-28,S012,P0011,4,2,1,10.7,2026-02-21
2026-02-28,S012,P0012,1,2,1,6.8,2026-02-26
2026-02-28,S012,P0013,0,2,1,0.0,2026-02-21
2026-02-28,S012,P0014,5,2,1,12.8,2026-02-21
2026-02-28,S012,P0015,1,2,1,4.1,2026-02-28
2026-02-28,S012,P0016,0,2,1,0.0,2026-02-20
2026-02-28,S012,P0017,3,2,1,9.3,2026-02-25
2026-02-28,S012,P0018,0,2,1,0.0,2026-02-24
2026-02-28,S012,P0019,0,2,1,0.0,2026-02-22
2026-02-28,S012,P0020,5,2,1,11.1,2026-02-25
2026-02-28,S012,P0021,0,2,1,0.0,2026-02-22
2026-02-28,S012,P0022,1,2,1,30.0,2026-02-25
2026-02-28,S012,P0023,4,2,1,12.5,2026-02-28
2026-02-28,S012,P0024,0,2,1,0.0,2026-02-28
2026-02-28,S012,P0025,1,2,1,3.6,2026-02-19
2026-02-28,S012,P0026,0,2,1,0.0,2026-02-24
2026-02-28,S012,P0027,1,2,1,5.6,2026-02-23
2026-02-28,S012,P0028,0,2,1,0.0,2026-02-19
2026-02-28,S012,P0029,0,2,1,0.0,2026-02-26
2026-02-28,S012,P0030,0,2,1,0.0,2026-02-18
2026-02-28,S012,P0031,0,2,1,0.0,2026-02-24
2026-02-28,S012,P0032,0,2,1,0.0,2026-02-26
2026-02-28,S012,P0033,0,2,1,0.0,2026-02-20
2026-02-28,S012,P0034,0,2,1,0.0,2026-02-27
2026-02-28,S012,P0035,5,2,1,11.2,2026-02-20
2026-02-28,S012,P0036,0,2,1,0.0,2026-02-23
2026-02-28,S012,P0037,0,2,1,0.0,2026-02-22
2026-02-28,S012,P0038,0,2,1,0.0,2026-02-23
2026-02-28,S012,P0039,0,2,1,0.0,2026-02-21
2026-02-28,S012,P0040,0,2,1,0.0,2026-02-24
2026-02-28,S012,P0041,0,2,1,0.0,2026-02-28
2026-02-28,S012,P0042,1,2,1,3.5,2026-02-21
2026-02-28,S012,P0043,0,2,1,0.0,2026-02-28
2026-02-28,S012,P0044,1,2,1,10.0,2026-02-27
2026-02-28,S012,P0045,0,2,1,0.0,2026-02-27
2026-02-28,S012,P0046,0,2,1,0.0,2026-02-25
2026-02-28,S012,P0047,0,2,1,0.0,2026-02-19
2026-02-28,S012,P0048,0,2,1,0.0,2026-02-27
2026-02-28,S012,P0049,0,2,1,0.0,2026-02-27
2026-02-28,S012,P0050,0,2,1,0.0,2026-02-25
2026-02-28,S012,P0051,0,2,1,0.0,2026-02-23
2026-02-28,S012,P0052,1,2,1,6.0,2026-02-19
2026-02-28,S012,P0053,1,2,1,6.4,2026-02-28
2026-02-28,S012,P0054,0,2,1,0.0,2026-02-23
2026-02-28,S012,P0055,2,2,1,12.2,2026-02-23
2026-02-28,S012,P0056,0,2,1,0.0,2026-02-20
2026-02-28,S012,P0057,0,2,1,0.0,2026-02-24
2026-02-28,S012,P0058,0,2,1,0.0,2026-02-19
2026-02-28,S012,P0059,0,2,1,0.0,2026-02-20
2026-02-28,S012,P0060,4,2,1,9.9,2026-02-18
2026-02-28,S012,P0061,1,2,1,30.0,2026-02-21
2026-02-28,S012,P0062,0,2,1,0.0,2026-02-19
2026-02-28,S012,P0063,0,2,1,0.0,2026-02-28
2026-02-28,S012,P0064,1,2,1,4.2,2026-02-21
2026-02-28,S012,P0065,1,2,1,2.2,2026-02-20
2026-02-28,S012,P0066,0,2,1,0.0,2026-02-22
2026-02-28,S012,P0067,0,2,1,0.0,2026-02-25
2026-02-28,S012,P0068,0,2,1,0.0,2026-02-28
2026-02-28,S012,P0069,3,2,1,6.2,2026-02-18
2026-02-28,S012,P0070,1,2,1,6.5,2026-02-28
2026-02-28,S012,P0071,2,2,1,5.5,2026-02-24
2026-02-28,S012,P0072,5,2,1,11.7,2026-02-25
2026-02-28,S012,P0073,3,2,1,8.9,2026-02-28
2026-02-28,S012,P0074,0,2,1,0.0,2026-02-25
2026-02-28,S012,P0075,1,2,1,10.0,2026-02-20
2026-02-28,S012,P0076,0,2,1,0.0,2026-02-22
2026-02-28,S012,P0077,1,2,1,6.6,2026-02-20
2026-02-28,S012,P0078,0,2,1,0.0,2026-02-26
2026-02-28,S012,P0079,0,2,1,0.0,2026-02-25
2026-02-28,S012,P0080,0,2,1,0.0,2026-02-24
2026-02-28,S012,P0081,6,2,1,12.2,2026-02-23
2026-02-28,S012,P0082,0,2,1,0.0,2026-02-27
2026-02-28,S012,P0083,3,2,1,6.3,2026-02-28
2026-02-28,S012,P0084,1,2,1,3.4,2026-02-27
2026-02-28,S012,P0085,0,2,1,0.0,2026-02-21
2026-02-28,S012,P0086,0,2,1,0.0,2026-02-23
2026-02-28,S012,P0087,0,2,1,0.0,2026-02-23
2026-02-28,S012,P0088,2,2,1,6.1,2026-02-19
2026-02-28,S012,P0089,2,2,1,5.2,2026-02-19
2026-02-28,S012,P0090,4,2,1,12.0,2026-02-28
2026-02-28,S012,P0091,0,2,1,0.0,2026-02-26
2026-02-28,S012,P0092,0,2,1,0.0,2026-02-21
2026-02-28,S012,P0093,2,2,1,4.5,2026-02-28
2026-02-28,S012,P0094,0,2,1,0.0,2026-02-24
2026-02-28,S012,P0095,1,2,1,2.4,2026-02-23
2026-02-28,S012,P0096,0,2,1,0.0,2026-02-19
2026-02-28,S012,P0097,4,2,1,9.0,2026-02-23
2026-02-28,S012,P0098,0,2,1,0.0,2026-02-24
2026-02-28,S012,P0099,1,2,1,2.0,2026-02-21
2026-02-28,S012,P0100,1,2,1,4.5,2026-02-21
2026-02-28,S012,P0101,0,2,1,0.0,2026-02-25
2026-02-28,S012,P0102,0,2,1,0.0,2026-02-23
2026-02-28,S012,P0103,0,2,1,0.0,2026-02-19
2026-02-28,S012,P0104,0,2,1,0.0,2026-02-24
2026-02-28,S012,P0105,1,2,1,3.8,2026-02-20
2026-02-28,S012,P0106,3,2,1,9.0,2026-02-27
2026-02-28,S012,P0107,0,2,1,0.0,2026-02-24
2026-02-28,S012,P0108,0,2,1,0.0,2026-02-19
2026-02-28,S012,P0109,0,2,1,0.0,2026-02-27
2026-02-28,S012,P0110,0,2,1,0.0,2026-02-22
2026-02-28,S012,P0111,0,2,1,0.0,2026-02-18
2026-02-28,S012,P0112,0,2,1,0.0,2026-02-26
2026-02-28,S012,P0113,0,2,1,0.0,2026-02-28
2026-02-28,S012,P0114,0,2,1,0.0,2026-02-27
2026-02-28,S012,P0115,0,2,1,0.0,2026-02-25
2026-02-28,S012,P0116,3,2,1,11.6,2026-02-23
2026-02-28,S012,P0117,3,2,1,7.4,2026-02-28
2026-02-28,S012,P0118,0,2,1,0.0,2026-02-19
2026-02-28,S012,P0119,3,2,1,7.5,2026-02-22
2026-02-28,S012,P0120,0,2,1,0.0,2026-02-25
2026-02-28,S012,P0121,3,2,1,7.4,2026-02-19
2026-02-28,S012,P0122,1,2,1,4.7,2026-02-27
2026-02-28,S012,P0123,0,2,1,0.0,2026-02-26
2026-02-28,S012,P0124,0,2,1,0.0,2026-02-20
2026-02-28,S012,P0125,5,2,1,11.4,2026-02-27
2026-02-28,S012,P0126,1,2,1,6.0,2026-02-19
2026-02-28,S012,P0127,1,2,1,10.0,2026-02-28
2026-02-28,S012,P0128,1,2,1,30.0,2026-02-22
2026-02-28,S012,P0129,0,2,1,0.0,2026-02-20
2026-02-28,S012,P0130,0,2,1,0.0,2026-02-26
2026-02-28,S012,P0131,0,2,1,0.0,2026-02-21
2026-02-28,S012,P0132,4,2,1,9.4,2026-02-21
2026-02-28,S012,P0133,0,2,1,0.0,2026-02-18
2026-02-28,S012,P0134,0,2,1,0.0,2026-02-25
2026-02-28,S012,P0135,0,2,1,0.0,2026-02-22
2026-02-28,S012,P0136,0,2,1,0.0,2026-02-18
2026-02-28,S012,P0137,0,2,1,0.0,2026-02-19
2026-02-28,S012,P0138,0,2,1,0.0,2026-02-18
2026-02-28,S012,P0139,0,2,1,0.0,2026-02-24
2026-02-28,S012,P0140,3,2,1,7.8,2026-02-28
2026-02-28,S012,P0141,2,2,1,4.3,2026-02-28
2026-02-28,S012,P0142,0,2,1,0.0,2026-02-21
2026-02-28,S012,P0143,0,2,1,0.0,2026-02-27
2026-02-28,S012,P0144,0,2,1,0.0,2026-02-19
2026-02-28,S012,P0145,1,2,1,5.8,2026-02-25
2026-02-28,S012,P0146,0,2,1,0.0,2026-02-26
2026-02-28,S012,P0147,0,2,1,0.0,2026-02-25
2026-02-28,S012,P0148,0,2,1,0.0,2026-02-21
2026-02-28,S012,P0149,3,2,1,12.4,2026-02-19
2026-02-28,S012,P0150,2,2,1,4.1,2026-02-25
2026-02-28,S012,P0151,1,2,1,6.3,2026-02-21
2026-02-28,S012,P0152,0,2,1,0.0,2026-02-26
2026-02-28,S012,P0153,2,2,1,4.4,2026-02-21
2026-02-28,S012,P0154,0,2,1,0.0,2026-02-22
2026-02-28,S012,P0155,1,2,1,6.0,2026-02-21
2026-02-28,S012,P0156,0,2,1,0.0,2026-02-23
2026-02-28,S012,P0157,1,2,1,10.0,2026-02-26
2026-02-28,S012,P0158,1,2,1,7.5,2026-02-18
2026-02-28,S012,P0159,1,2,1,10.0,2026-02-20
2026-02-28,S012,P0160,0,2,1,0.0,2026-02-23
2026-02-28,S012,P0161,0,2,1,0.0,2026-02-25
2026-02-28,S012,P0162,1,2,1,4.1,2026-02-24
2026-02-28,S012,P0163,0,2,1,0.0,2026-02-28
2026-02-28,S012,P0164,1,2,1,10.0,2026-02-27
2026-02-28,S012,P0165,0,2,1,0.0,2026-02-26
2026-02-28,S012,P0166,0,2,1,0.0,2026-02-25
2026-02-28,S012,P0167,0,2,1,0.0,2026-02-21
2026-02-28,S012,P0168,2,2,1,7.9,2026-02-25
2026-02-28,S012,P0169,1,2,1,30.0,2026-02-25
2026-02-28,S012,P0170,1,2,1,2.5,2026-02-26
2026-02-28,S012,P0171,3,2,1,12.6,2026-02-21
2026-02-28,S012,P0172,5,2,1,11.5,2026-02-22
2026-02-28,S012,P0173,0,2,1,0.0,2026-02-26
2026-02-28,S012,P0174,1,2,1,10.0,2026-02-19
2026-02-28,S012,P0175,0,2,1,0.0,2026-02-28
2026-02-28,S012,P0176,5,2,1,13.1,2026-02-19
2026-02-28,S012,P0177,3,2,1,7.6,2026-02-24
2026-02-28,S012,P0178,0,2,1,0.0,2026-02-22
2026-02-28,S012,P0179,0,2,1,0.0,2026-02-22
2026-02-28,S012,P0180,2,2,1,8.6,2026-02-27
2026-02-28,S012,P0181,0,2,1,0.0,2026-02-21
2026-02-28,S012,P0182,3,2,1,8.8,2026-02-23
2026-02-28,S012,P0183,0,2,1,0.0,2026-02-18
2026-02-28,S012,P0184,5,2,1,10.7,2026-02-26
2026-02-28,S012,P0185,3,2,1,8.2,2026-02-28
2026-02-28,S012,P0186,0,2,1,0.0,2026-02-28
2026-02-28,S012,P0187,1,2,1,2.7,2026-02-21
2026-02-28,S012,P0188,2,2,1,8.3,2026-02-28
2026-02-28,S012,P0189,2,2,1,6.7,2026-02-28
2026-02-28,S012,P0190,2,2,1,10.0,2026-02-24
2026-02-28,S012,P0191,0,2,1,0.0,2026-02-27
2026-02-28,S012,P0192,3,2,1,6.3,2026-02-25
2026-02-28,S013,P0001,2,2,1,10.9,2026-02-26
2026-02-28,S013,P0002,0,2,1,0.0,2026-02-21
2026-02-28,S013,P0003,0,2,1,0.0,2026-02-26
2026-02-28,S013,P0004,0,2,1,0.0,2026-02-20
2026-02-28,S013,P0005,0,2,1,0.0,2026-02-19
2026-02-28,S013,P0006,1,2,1,3.8,2026-02-19
2026-02-28,S013,P0007,0,2,1,0.0,2026-02-21
2026-02-28,S013,P0008,2,2,1,6.6,2026-02-22
2026-02-28,S013,P0009,0,2,1,0.0,2026-02-26
2026-02-28,S013,P0010,4,2,1,10.0,2026-02-20
2026-02-28,S013,P0011,0,2,1,0.0,2026-02-20
2026-02-28,S013,P0012,0,2,1,0.0,2026-02-20
2026-02-28,S013,P0013,1,2,1,10.0,2026-02-20
2026-02-28,S013,P0014,2,2,1,5.2,2026-02-22
2026-02-28,S013,P0015,0,2,1,0.0,2026-02-26
2026-02-28,S013,P0016,1,2,1,10.0,2026-02-26
2026-02-28,S013,P0017,0,2,1,0.0,2026-02-20
2026-02-28,S013,P0018,0,2,1,0.0,2026-02-24
2026-02-28,S013,P0019,3,2,1,7.0,2026-02-26
2026-02-28,S013,P0020,3,2,1,6.3,2026-02-27
2026-02-28,S013,P0021,0,2,1,0.0,2026-02-19
2026-02-28,S013,P0022,0,2,1,0.0,2026-02-25
2026-02-28,S013,P0023,0,2,1,0.0,2026-02-25
2026-02-28,S013,P0024,2,2,1,12.3,2026-02-25
2026-02-28,S013,P0025,1,2,1,3.0,2026-02-21
2026-02-28,S013,P0026,2,2,1,8.1,2026-02-21
2026-02-28,S013,P0027,3,2,1,12.3,2026-02-21
2026-02-28,S013,P0028,0,2,1,0.0,2026-02-21
2026-02-28,S013,P0029,0,2,1,0.0,2026-02-25
2026-02-28,S013,P0030,2,2,1,7.5,2026-02-18
2026-02-28,S013,P0031,1,2,1,10.0,2026-02-27
2026-02-28,S013,P0032,0,2,1,0.0,2026-02-28
2026-02-28,S013,P0033,0,2,1,0.0,2026-02-23
2026-02-28,S013,P0034,0,2,1,0.0,2026-02-28
2026-02-28,S013,P0035,0,2,1,0.0,2026-02-26
2026-02-28,S013,P0036,0,2,1,0.0,2026-02-21
2026-02-28,S013,P0037,1,2,1,6.0,2026-02-25
2026-02-28,S013,P0038,0,2,1,0.0,2026-02-23
2026-02-28,S013,P0039,0,2,1,0.0,2026-02-24
2026-02-28,S013,P0040,1,2,1,10.0,2026-02-28
2026-02-28,S013,P0041,0,2,1,0.0,2026-02-28
2026-02-28,S013,P0042,4,2,1,8.8,2026-02-28
2026-02-28,S013,P0043,4,2,1,9.6,2026-02-24
2026-02-28,S013,P0044,0,2,1,0.0,2026-02-24
2026-02-28,S013,P0045,0,2,1,0.0,2026-02-28
2026-02-28,S013,P0046,0,2,1,0.0,2026-02-28
2026-02-28,S013,P0047,2,2,1,4.6,2026-02-23
2026-02-28,S013,P0048,0,2,1,0.0,2026-02-19
2026-02-28,S013,P0049,2,2,1,10.0,2026-02-21
2026-02-28,S013,P0050,2,2,1,6.7,2026-02-27
2026-02-28,S013,P0051,0,2,1,0.0,2026-02-24
2026-02-28,S013,P0052,1,2,1,5.8,2026-02-24
2026-02-28,S013,P0053,1,2,1,10.0,2026-02-20
2026-02-28,S013,P0054,1,2,1,4.3,2026-02-24
2026-02-28,S013,P0055,0,2,1,0.0,2026-02-27
2026-02-28,S013,P0056,0,2,1,0.0,2026-02-20
2026-02-28,S013,P0057,0,2,1,0.0,2026-02-22
2026-02-28,S013,P0058,2,2,1,6.1,2026-02-24
2026-02-28,S013,P0059,1,2,1,10.0,2026-02-27
2026-02-28,S013,P0060,1,2,1,30.0,2026-02-23
2026-02-28,S013,P0061,0,2,1,0.0,2026-02-20
2026-02-28,S013,P0062,0,2,1,0.0,2026-02-19
2026-02-28,S013,P0063,0,2,1,0.0,2026-02-26
2026-02-28,S013,P0064,0,2,1,0.0,2026-02-27
2026-02-28,S013,P0065,1,2,1,30.0,2026-02-28
2026-02-28,S013,P0066,0,2,1,0.0,2026-02-26
2026-02-28,S013,P0067,0,2,1,0.0,2026-02-28
2026-02-28,S013,P0068,0,2,1,0.0,2026-02-20
2026-02-28,S013,P0069,4,2,1,9.2,2026-02-24
2026-02-28,S013,P0070,2,2,1,8.9,2026-02-26
2026-02-28,S013,P0071,2,2,1,11.3,2026-02-23
2026-02-28,S013,P0072,0,2,1,0.0,2026-02-22
2026-02-28,S013,P0073,0,2,1,0.0,2026-02-20
2026-02-28,S013,P0074,1,2,1,2.4,2026-02-20
2026-02-28,S013,P0075,2,2,1,5.5,2026-02-26
2026-02-28,S013,P0076,1,2,1,2.9,2026-02-19
2026-02-28,S013,P0077,1,2,1,2.2,2026-02-23
2026-02-28,S013,P0078,0,2,1,0.0,2026-02-19
2026-02-28,S013,P0079,0,2,1,0.0,2026-02-23
2026-02-28,S013,P0080,0,2,1,0.0,2026-02-28
2026-02-28,S013,P0081,3,2,1,6.5,2026-02-18
2026-02-28,S013,P0082,0,2,1,0.0,2026-02-20
2026-02-28,S013,P0083,1,2,1,10.0,2026-02-27
2026-02-28,S013,P0084,0,2,1,0.0,2026-02-19
2026-02-28,S013,P0085,1,2,1,2.9,2026-02-28
2026-02-28,S013,P0086,0,2,1,0.0,2026-02-27
2026-02-28,S013,P0087,0,2,1,0.0,2026-02-18
2026-02-28,S013,P0088,0,2,1,0.0,2026-02-19
2026-02-28,S013,P0089,1,2,1,5.3,2026-02-21
2026-02-28,S013,P0090,1,2,1,4.3,2026-02-19
2026-02-28,S013,P0091,0,2,1,0.0,2026-02-20
2026-02-28,S013,P0092,0,2,1,0.0,2026-02-22
2026-02-28,S013,P0093,0,2,1,0.0,2026-02-28
2026-02-28,S013,P0094,0,2,1,0.0,2026-02-28
2026-02-28,S013,P0095,2,2,1,4.1,2026-02-19
2026-02-28,S013,P0096,0,2,1,0.0,2026-02-25
2026-02-28,S013,P0097,0,2,1,0.0,2026-02-23
2026-02-28,S013,P0098,1,2,1,10.0,2026-02-21
2026-02-28,S013,P0099,0,2,1,0.0,2026-02-20
2026-02-28,S013,P0100,0,2,1,0.0,2026-02-21
2026-02-28,S013,P0101,0,2,1,0.0,2026-02-20
2026-02-28,S013,P0102,0,2,1,0.0,2026-02-27
2026-02-28,S013,P0103,0,2,1,0.0,2026-02-26
2026-02-28,S013,P0104,1,2,1,2.3,2026-02-22
2026-02-28,S013,P0105,5,2,1,12.3,2026-02-27
2026-02-28,S013,P0106,2,2,1,10.0,2026-02-21
2026-02-28,S013,P0107,0,2,1,0.0,2026-02-27
2026-02-28,S013,P0108,0,2,1,0.0,2026-02-18
2026-02-28,S013,P0109,2,2,1,10.0,2026-02-25
2026-02-28,S013,P0110,0,2,1,0.0,2026-02-26
2026-02-28,S013,P0111,0,2,1,0.0,2026-02-19
2026-02-28,S013,P0112,0,2,1,0.0,2026-02-21
2026-02-28,S013,P0113,0,2,1,0.0,2026-02-22
2026-02-28,S013,P0114,1,2,1,4.7,2026-02-28
2026-02-28,S013,P0115,0,2,1,0.0,2026-02-21
2026-02-28,S013,P0116,1,2,1,4.7,2026-02-21
2026-02-28,S013,P0117,0,2,1,0.0,2026-02-28
2026-02-28,S013,P0118,5,2,1,11.5,2026-02-23
2026-02-28,S013,P0119,0,2,1,0.0,2026-02-26
2026-02-28,S013,P0120,2,3,1,4.3,2026-02-28
2026-02-28,S013,P0121,0,3,1,0.0,2026-02-28
2026-02-28,S013,P0122,0,2,1,0.0,2026-02-25
2026-02-28,S013,P0123,0,2,1,0.0,2026-02-20
2026-02-28,S013,P0124,3,2,1,8.4,2026-02-22
2026-02-28,S013,P0125,1,2,1,4.8,2026-02-18
2026-02-28,S013,P0126,1,2,1,7.5,2026-02-21
2026-02-28,S013,P0127,0,2,1,0.0,2026-02-26
2026-02-28,S013,P0128,4,2,1,9.4,2026-02-20
2026-02-28,S013,P0129,2,2,1,4.2,2026-02-23
2026-02-28,S013,P0130,0,2,1,0.0,2026-02-20
2026-02-28,S013,P0131,0,2,1,0.0,2026-02-23
2026-02-28,S013,P0132,0,2,1,0.0,2026-02-27
2026-02-28,S013,P0133,0,2,1,0.0,2026-02-23
2026-02-28,S013,P0134,0,2,1,0.0,2026-02-26
2026-02-28,S013,P0135,1,2,1,8.8,2026-02-20
2026-02-28,S013,P0136,0,2,1,0.0,2026-02-27
2026-02-28,S013,P0137,0,2,1,0.0,2026-02-22
2026-02-28,S013,P0138,0,2,1,0.0,2026-02-20
2026-02-28,S013,P0139,0,2,1,0.0,2026-02-22
2026-02-28,S013,P0140,1,2,1,2.6,2026-02-28
2026-02-28,S013,P0141,1,2,1,7.3,2026-02-25
2026-02-28,S013,P0142,0,2,1,0.0,2026-02-25
2026-02-28,S013,P0143,0,2,1,0.0,2026-02-28
2026-02-28,S013,P0144,1,2,1,30.0,2026-02-25
2026-02-28,S013,P0145,0,2,1,0.0,2026-02-27
2026-02-28,S013,P0146,0,2,1,0.0,2026-02-22
2026-02-28,S013,P0147,0,2,1,0.0,2026-02-20
2026-02-28,S013,P0148,1,2,1,2.8,2026-02-28
2026-02-28,S013,P0149,1,2,1,2.5,2026-02-23
2026-02-28,S013,P0150,3,2,1,9.9,2026-02-26
2026-02-28,S013,P0151,0,2,1,0.0,2026-02-18
2026-02-28,S013,P0152,1,2,1,7.6,2026-02-26
2026-02-28,S013,P0153,3,2,1,7.9,2026-02-22
2026-02-28,S013,P0154,1,2,1,7.5,2026-02-20
2026-02-28,S013,P0155,0,2,1,0.0,2026-02-26
2026-02-28,S013,P0156,0,2,1,0.0,2026-02-21
2026-02-28,S013,P0157,0,2,1,0.0,2026-02-26
2026-02-28,S013,P0158,0,2,1,0.0,2026-02-26
2026-02-28,S013,P0159,1,2,1,2.9,2026-02-27
2026-02-28,S013,P0160,0,2,1,0.0,2026-02-24
2026-02-28,S013,P0161,0,2,1,0.0,2026-02-19
2026-02-28,S013,P0162,0,2,1,0.0,2026-02-28
2026-02-28,S013,P0163,3,2,1,10.0,2026-02-25
2026-02-28,S013,P0164,4,2,1,9.1,2026-02-27
2026-02-28,S013,P0165,0,2,1,0.0,2026-02-23
2026-02-28,S013,P0166,6,3,1,12.5,2026-02-20
2026-02-28,S013,P0167,0,2,1,0.0,2026-02-22
2026-02-28,S013,P0168,0,2,1,0.0,2026-02-18
2026-02-28,S013,P0169,0,2,1,0.0,2026-02-28
2026-02-28,S013,P0170,4,2,1,8.9,2026-02-22
2026-02-28,S013,P0171,3,2,1,6.3,2026-02-20
2026-02-28,S013,P0172,1,2,1,10.0,2026-02-24
2026-02-28,S013,P0173,0,2,1,0.0,2026-02-27
2026-02-28,S013,P0174,2,2,1,10.0,2026-02-26
2026-02-28,S013,P0175,0,2,1,0.0,2026-02-18
2026-02-28,S013,P0176,0,2,1,0.0,2026-02-26
2026-02-28,S013,P0177,0,2,1,0.0,2026-02-21
2026-02-28,S013,P0178,0,2,1,0.0,2026-02-26
2026-02-28,S013,P0179,4,2,1,9.1,2026-02-25
2026-02-28,S013,P0180,1,2,1,2.3,2026-02-19
2026-02-28,S013,P0181,5,2,1,12.3,2026-02-26
2026-02-28,S013,P0182,1,2,1,2.4,2026-02-20
2026-02-28,S013,P0183,0,2,1,0.0,2026-02-18
2026-02-28,S013,P0184,0,2,1,0.0,2026-02-21
2026-02-28,S013,P0185,0,2,1,0.0,2026-02-24
2026-02-28,S013,P0186,0,2,1,0.0,2026-02-28
2026-02-28,S013,P0187,0,2,1,0.0,2026-02-26
2026-02-28,S013,P0188,0,2,1,0.0,2026-02-22
2026-02-28,S013,P0189,0,2,1,0.0,2026-02-21
2026-02-28,S013,P0190,1,2,1,10.0,2026-02-26
2026-02-28,S013,P0191,0,2,1,0.0,2026-02-28
2026-02-28,S013,P0192,1,2,1,7.7,2026-02-25
2026-02-28,S014,P0001,0,2,1,0.0,2026-02-22
2026-02-28,S014,P0002,0,2,1,0.0,2026-02-19
2026-02-28,S014,P0003,0,2,1,0.0,2026-02-22
2026-02-28,S014,P0004,1,2,1,3.2,2026-02-20
2026-02-28,S014,P0005,1,2,1,2.8,2026-02-28
2026-02-28,S014,P0006,0,2,1,0.0,2026-02-20
2026-02-28,S014,P0007,0,2,1,0.0,2026-02-27
2026-02-28,S014,P0008,1,2,1,2.8,2026-02-24
2026-02-28,S014,P0009,0,2,1,0.0,2026-02-19
2026-02-28,S014,P0010,1,2,1,3.3,2026-02-19
2026-02-28,S014,P0011,0,2,1,0.0,2026-02-22
2026-02-28,S014,P0012,0,2,1,0.0,2026-02-22
2026-02-28,S014,P0013,1,2,1,10.0,2026-02-25
2026-02-28,S014,P0014,0,2,1,0.0,2026-02-22
2026-02-28,S014,P0015,1,2,1,5.3,2026-02-21
2026-02-28,S014,P0016,0,2,1,0.0,2026-02-28
2026-02-28,S014,P0017,3,2,1,7.4,2026-02-18
2026-02-28,S014,P0018,3,2,1,6.3,2026-02-21
2026-02-28,S014,P0019,0,2,1,0.0,2026-02-28
2026-02-28,S014,P0020,0,2,1,0.0,2026-02-19
2026-02-28,S014,P0021,5,2,1,11.2,2026-02-24
2026-02-28,S014,P0022,0,2,1,0.0,2026-02-28
2026-02-28,S014,P0023,0,2,1,0.0,2026-02-20
2026-02-28,S014,P0024,0,2,1,0.0,2026-02-27
2026-02-28,S014,P0025,4,2,1,10.5,2026-02-24
2026-02-28,S014,P0026,0,2,1,0.0,2026-02-22
2026-02-28,S014,P0027,0,2,1,0.0,2026-02-26
2026-02-28,S014,P0028,1,2,1,2.3,2026-02-24
2026-02-28,S014,P0029,0,2,1,0.0,2026-02-20
2026-02-28,S014,P0030,0,2,1,0.0,2026-02-25
2026-02-28,S014,P0031,1,2,1,5.9,2026-02-21
2026-02-28,S014,P0032,0,2,1,0.0,2026-02-18
2026-02-28,S014,P0033,1,2,1,7.5,2026-02-18
2026-02-28,S014,P0034,0,2,1,0.0,2026-02-28
2026-02-28,S014,P0035,1,2,1,6.1,2026-02-24
2026-02-28,S014,P0036,1,2,1,3.3,2026-02-19
2026-02-28,S014,P0037,1,2,1,10.0,2026-02-24
2026-02-28,S014,P0038,1,2,1,2.9,2026-02-20
2026-02-28,S014,P0039,0,2,1,0.0,2026-02-22
2026-02-28,S014,P0040,0,2,1,0.0,2026-02-18
2026-02-28,S014,P0041,0,2,1,0.0,2026-02-21
2026-02-28,S014,P0042,1,2,1,5.4,2026-02-23
2026-02-28,S014,P0043,1,2,1,3.8,2026-02-18
2026-02-28,S014,P0044,1,2,1,6.0,2026-02-24
2026-02-28,S014,P0045,0,2,1,0.0,2026-02-27
2026-02-28,S014,P0046,0,2,1,0.0,2026-02-22
2026-02-28,S014,P0047,1,2,1,10.0,2026-02-26
2026-02-28,S014,P0048,3,2,1,7.7,2026-02-19
2026-02-28,S014,P0049,0,2,1,0.0,2026-02-21
2026-02-28,S014,P0050,0,2,1,0.0,2026-02-19
2026-02-28,S014,P0051,0,2,1,0.0,2026-02-18
2026-02-28,S014,P0052,2,2,1,5.0,2026-02-22
2026-02-28,S014,P0053,0,2,1,0.0,2026-02-21
2026-02-28,S014,P0054,1,2,1,7.5,2026-02-26
2026-02-28,S014,P0055,0,2,1,0.0,2026-02-28
2026-02-28,S014,P0056,0,2,1,0.0,2026-02-22
2026-02-28,S014,P0057,0,2,1,0.0,2026-02-24
2026-02-28,S014,P0058,0,2,1,0.0,2026-02-20
2026-02-28,S014,P0059,1,2,1,15.0,2026-02-23
2026-02-28,S014,P0060,0,2,1,0.0,2026-02-28
2026-02-28,S014,P0061,0,2,1,0.0,2026-02-27
2026-02-28,S014,P0062,2,2,1,4.2,2026-02-19
2026-02-28,S014,P0063,0,2,1,0.0,2026-02-24
2026-02-28,S014,P0064,0,2,1,0.0,2026-02-24
2026-02-28,S014,P0065,1,2,1,2.2,2026-02-23
2026-02-28,S014,P0066,0,2,1,0.0,2026-02-19
2026-02-28,S014,P0067,0,2,1,0.0,2026-02-25
2026-02-28,S014,P0068,0,2,1,0.0,2026-02-24
2026-02-28,S014,P0069,0,2,1,0.0,2026-02-22
2026-02-28,S014,P0070,1,2,1,4.8,2026-02-20
2026-02-28,S014,P0071,0,2,1,0.0,2026-02-20
2026-02-28,S014,P0072,0,2,1,0.0,2026-02-20
2026-02-28,S014,P0073,5,2,1,12.0,2026-02-20
2026-02-28,S014,P0074,0,2,1,0.0,2026-02-22
2026-02-28,S014,P0075,0,2,1,0.0,2026-02-20
2026-02-28,S014,P0076,0,2,1,0.0,2026-02-26
2026-02-28,S014,P0077,0,2,1,0.0,2026-02-26
2026-02-28,S014,P0078,0,2,1,0.0,2026-02-19
2026-02-28,S014,P0079,0,2,1,0.0,2026-02-20
2026-02-28,S014,P0080,0,2,1,0.0,2026-02-19
2026-02-28,S014,P0081,0,2,1,0.0,2026-02-24
2026-02-28,S014,P0082,1,2,1,3.6,2026-02-27
2026-02-28,S014,P0083,0,2,1,0.0,2026-02-23
2026-02-28,S014,P0084,0,2,1,0.0,2026-02-27
2026-02-28,S014,P0085,0,2,1,0.0,2026-02-20
2026-02-28,S014,P0086,0,2,1,0.0,2026-02-21
2026-02-28,S014,P0087,1,2,1,7.5,2026-02-21
2026-02-28,S014,P0088,0,2,1,0.0,2026-02-26
2026-02-28,S014,P0089,2,2,1,4.9,2026-02-18
2026-02-28,S014,P0090,1,2,1,3.9,2026-02-24
2026-02-28,S014,P0091,0,2,1,0.0,2026-02-25
2026-02-28,S014,P0092,1,2,1,7.5,2026-02-23
2026-02-28,S014,P0093,0,2,1,0.0,2026-02-28
2026-02-28,S014,P0094,0,2,1,0.0,2026-02-28
2026-02-28,S014,P0095,4,2,1,12.7,2026-02-26
2026-02-28,S014,P0096,0,2,1,0.0,2026-02-23
2026-02-28,S014,P0097,3,2,1,6.1,2026-02-22
2026-02-28,S014,P0098,0,2,1,0.0,2026-02-18
2026-02-28,S014,P0099,1,2,1,30.0,2026-02-22
2026-02-28,S014,P0100,0,2,1,0.0,2026-02-26
2026-02-28,S014,P0101,0,2,1,0.0,2026-02-25
2026-02-28,S014,P0102,0,2,1,0.0,2026-02-21
2026-02-28,S014,P0103,5,2,1,10.6,2026-02-25
2026-02-28,S014,P0104,0,2,1,0.0,2026-02-21
2026-02-28,S014,P0105,0,2,1,0.0,2026-02-28
2026-02-28,S014,P0106,1,2,1,5.0,2026-02-19
2026-02-28,S014,P0107,1,2,1,5.0,2026-02-21
2026-02-28,S014,P0108,1,2,1,7.5,2026-02-22
2026-02-28,S014,P0109,0,2,1,0.0,2026-02-19
2026-02-28,S014,P0110,0,2,1,0.0,2026-02-24
2026-02-28,S014,P0111,0,2,1,0.0,2026-02-25
2026-02-28,S014,P0112,0,2,1,0.0,2026-02-18
2026-02-28,S014,P0113,0,2,1,0.0,2026-02-20
2026-02-28,S014,P0114,0,2,1,0.0,2026-02-22
2026-02-28,S014,P0115,0,2,1,0.0,2026-02-26
2026-02-28,S014,P0116,1,2,1,2.4,2026-02-27
2026-02-28,S014,P0117,0,2,1,0.0,2026-02-21
2026-02-28,S014,P0118,1,2,1,4.7,2026-02-22
2026-02-28,S014,P0119,0,2,1,0.0,2026-02-20
2026-02-28,S014,P0120,0,2,1,0.0,2026-02-26
2026-02-28,S014,P0121,1,2,1,2.7,2026-02-23
2026-02-28,S014,P0122,3,2,1,8.4,2026-02-18
2026-02-28,S014,P0123,1,2,1,3.2,2026-02-23
2026-02-28,S014,P0124,0,2,1,0.0,2026-02-18
2026-02-28,S014,P0125,0,2,1,0.0,2026-02-25
2026-02-28,S014,P0126,0,2,1,0.0,2026-02-24
2026-02-28,S014,P0127,1,2,1,3.7,2026-02-20
2026-02-28,S014,P0128,5,2,1,12.2,2026-02-23
2026-02-28,S014,P0129,0,2,1,0.0,2026-02-22
2026-02-28,S014,P0130,0,2,1,0.0,2026-02-20
2026-02-28,S014,P0131,0,2,1,0.0,2026-02-19
2026-02-28,S014,P0132,0,2,1,0.0,2026-02-28
2026-02-28,S014,P0133,2,2,1,4.4,2026-02-22
2026-02-28,S014,P0134,4,2,1,10.9,2026-02-21
2026-02-28,S014,P0135,0,2,1,0.0,2026-02-22
2026-02-28,S014,P0136,0,2,1,0.0,2026-02-28
2026-02-28,S014,P0137,0,2,1,0.0,2026-02-27
2026-02-28,S014,P0138,0,2,1,0.0,2026-02-28
2026-02-28,S014,P0139,0,2,1,0.0,2026-02-24
2026-02-28,S014,P0140,2,2,1,7.3,2026-02-26
2026-02-28,S014,P0141,0,2,1,0.0,2026-02-22
2026-02-28,S014,P0142,0,2,1,0.0,2026-02-25
2026-02-28,S014,P0143,2,2,1,7.3,2026-02-23
2026-02-28,S014,P0144,0,2,1,0.0,2026-02-26
2026-02-28,S014,P0145,2,2,1,5.0,2026-02-26
2026-02-28,S014,P0146,0,2,1,0.0,2026-02-18
2026-02-28,S014,P0147,1,2,1,5.1,2026-02-26
2026-02-28,S014,P0148,0,2,1,0.0,2026-02-28
2026-02-28,S014,P0149,0,2,1,0.0,2026-02-18
2026-02-28,S014,P0150,2,2,1,4.5,2026-02-19
2026-02-28,S014,P0151,0,2,1,0.0,2026-02-25
2026-02-28,S014,P0152,0,2,1,0.0,2026-02-28
2026-02-28,S014,P0153,0,2,1,0.0,2026-02-22
2026-02-28,S014,P0154,0,2,1,0.0,2026-02-27
2026-02-28,S014,P0155,0,2,1,0.0,2026-02-21
2026-02-28,S014,P0156,0,2,1,0.0,2026-02-28
2026-02-28,S014,P0157,1,2,1,2.1,2026-02-28
2026-02-28,S014,P0158,1,2,1,7.5,2026-02-18
2026-02-28,S014,P0159,0,2,1,0.0,2026-02-20
2026-02-28,S014,P0160,0,2,1,0.0,2026-02-21
2026-02-28,S014,P0161,0,2,1,0.0,2026-02-22
2026-02-28,S014,P0162,1,2,1,5.0,2026-02-22
2026-02-28,S014,P0163,0,2,1,0.0,2026-02-25
2026-02-28,S014,P0164,0,2,1,0.0,2026-02-25
2026-02-28,S014,P0165,0,2,1,0.0,2026-02-26
2026-02-28,S014,P0166,0,2,1,0.0,2026-02-18
2026-02-28,S014,P0167,0,2,1,0.0,2026-02-21
2026-02-28,S014,P0168,5,2,1,12.3,2026-02-24
2026-02-28,S014,P0169,4,2,1,11.8,2026-02-27
2026-02-28,S014,P0170,2,2,1,4.8,2026-02-25
2026-02-28,S014,P0171,3,2,1,7.4,2026-02-28
2026-02-28,S014,P0172,0,2,1,0.0,2026-02-22
2026-02-28,S014,P0173,1,2,1,30.0,2026-02-23
2026-02-28,S014,P0174,2,2,1,8.6,2026-02-25
2026-02-28,S014,P0175,0,2,1,0.0,2026-02-26
2026-02-28,S014,P0176,0,2,1,0.0,2026-02-28
2026-02-28,S014,P0177,0,2,1,0.0,2026-02-24
2026-02-28,S014,P0178,0,2,1,0.0,2026-02-25
2026-02-28,S014,P0179,1,2,1,7.5,2026-02-22
2026-02-28,S014,P0180,0,2,1,0.0,2026-02-24
2026-02-28,S014,P0181,0,2,1,0.0,2026-02-24
2026-02-28,S014,P0182,0,2,1,0.0,2026-02-22
2026-02-28,S014,P0183,0,2,1,0.0,2026-02-27
2026-02-28,S014,P0184,1,2,1,5.6,2026-02-22
2026-02-28,S014,P0185,2,2,1,7.4,2026-02-26
2026-02-28,S014,P0186,0,2,1,0.0,2026-02-26
2026-02-28,S014,P0187,0,2,1,0.0,2026-02-24
2026-02-28,S014,P0188,3,2,1,7.2,2026-02-27
2026-02-28,S014,P0189,0,2,1,0.0,2026-02-24
2026-02-28,S014,P0190,0,2,1,0.0,2026-02-23
2026-02-28,S014,P0191,3,2,1,6.0,2026-02-21
2026-02-28,S014,P0192,2,2,1,7.6,2026-02-20
2026-02-28,S015,P0001,0,2,1,0.0,2026-02-21
2026-02-28,S015,P0002,4,2,1,12.3,2026-02-20
2026-02-28,S015,P0003,0,2,1,0.0,2026-02-20
2026-02-28,S015,P0004,1,2,1,6.0,2026-02-21
2026-02-28,S015,P0005,2,2,1,6.1,2026-02-27
2026-02-28,S015,P0006,0,2,1,0.0,2026-02-22
2026-02-28,S015,P0007,2,2,1,4.8,2026-02-20
2026-02-28,S015,P0008,2,2,1,9.4,2026-02-20
2026-02-28,S015,P0009,1,2,1,4.7,2026-02-24
2026-02-28,S015,P0010,0,2,1,0.0,2026-02-23
2026-02-28,S015,P0011,2,3,1,4.3,2026-02-25
2026-02-28,S015,P0012,4,2,1,8.5,2026-02-26
2026-02-28,S015,P0013,3,3,1,6.0,2026-02-27
2026-02-28,S015,P0014,0,2,1,0.0,2026-02-23
2026-02-28,S015,P0015,0,2,1,0.0,2026-02-19
2026-02-28,S015,P0016,1,2,1,8.5,2026-02-27
2026-02-28,S015,P0017,0,2,1,0.0,2026-02-24
2026-02-28,S015,P0018,0,2,1,0.0,2026-02-19
2026-02-28,S015,P0019,0,2,1,0.0,2026-02-18
2026-02-28,S015,P0020,0,2,1,0.0,2026-02-20
2026-02-28,S015,P0021,0,2,1,0.0,2026-02-22
2026-02-28,S015,P0022,0,2,1,0.0,2026-02-27
2026-02-28,S015,P0023,1,2,1,6.6,2026-02-22
2026-02-28,S015,P0024,0,2,1,0.0,2026-02-23
2026-02-28,S015,P0025,1,2,1,4.5,2026-02-19
2026-02-28,S015,P0026,0,2,1,0.0,2026-02-19
2026-02-28,S015,P0027,0,2,1,0.0,2026-02-22
2026-02-28,S015,P0028,3,2,1,6.7,2026-02-20
2026-02-28,S015,P0029,1,2,1,8.5,2026-02-28
2026-02-28,S015,P0030,2,2,1,9.9,2026-02-26
2026-02-28,S015,P0031,1,2,1,7.4,2026-02-24
2026-02-28,S015,P0032,0,2,1,0.0,2026-02-23
2026-02-28,S015,P0033,2,2,1,10.0,2026-02-28
2026-02-28,S015,P0034,1,2,1,15.0,2026-02-24
2026-02-28,S015,P0035,4,2,1,8.7,2026-02-18
2026-02-28,S015,P0036,2,2,1,8.6,2026-02-18
2026-02-28,S015,P0037,0,2,1,0.0,2026-02-23
2026-02-28,S015,P0038,0,2,1,0.0,2026-02-28
2026-02-28,S015,P0039,0,2,1,0.0,2026-02-23
2026-02-28,S015,P0040,1,2,1,7.5,2026-02-23
2026-02-28,S015,P0041,5,2,1,12.2,2026-02-20
2026-02-28,S015,P0042,1,2,1,3.0,2026-02-22
2026-02-28,S015,P0043,0,2,1,0.0,2026-02-21
2026-02-28,S015,P0044,0,2,1,0.0,2026-02-22
2026-02-28,S015,P0045,0,2,1,0.0,2026-02-23
2026-02-28,S015,P0046,0,2,1,0.0,2026-02-21
2026-02-28,S015,P0047,0,2,1,0.0,2026-02-24
2026-02-28,S015,P0048,0,2,1,0.0,2026-02-22
2026-02-28,S015,P0049,1,2,1,6.0,2026-02-20
2026-02-28,S015,P0050,1,2,1,10.0,2026-02-20
2026-02-28,S015,P0051,0,2,1,0.0,2026-02-20
2026-02-28,S015,P0052,1,2,1,10.0,2026-02-21
2026-02-28,S015,P0053,0,2,1,0.0,2026-02-18
2026-02-28,S015,P0054,1,2,1,7.5,2026-02-23
2026-02-28,S015,P0055,0,2,1,0.0,2026-02-18
2026-02-28,S015,P0056,1,2,1,6.0,2026-02-20
2026-02-28,S015,P0057,0,2,1,0.0,2026-02-22
2026-02-28,S015,P0058,0,2,1,0.0,2026-02-27
2026-02-28,S015,P0059,0,2,1,0.0,2026-02-23
2026-02-28,S015,P0060,0,2,1,0.0,2026-02-21
2026-02-28,S015,P0061,3,2,1,6.7,2026-02-23
2026-02-28,S015,P0062,0,2,1,0.0,2026-02-22
2026-02-28,S015,P0063,0,2,1,0.0,2026-02-22
2026-02-28,S015,P0064,0,2,1,0.0,2026-02-20
2026-02-28,S015,P0065,0,2,1,0.0,2026-02-27
2026-02-28,S015,P0066,0,2,1,0.0,2026-02-20
2026-02-28,S015,P0067,3,2,1,12.4,2026-02-20
2026-02-28,S015,P0068,1,2,1,6.0,2026-02-23
2026-02-28,S015,P0069,1,2,1,7.0,2026-02-23
2026-02-28,S015,P0070,2,2,1,5.9,2026-02-28
2026-02-28,S015,P0071,4,2,1,12.3,2026-02-26
2026-02-28,S015,P0072,0,2,1,0.0,2026-02-20
2026-02-28,S015,P0073,0,2,1,0.0,2026-02-25
2026-02-28,S015,P0074,2,2,1,5.5,2026-02-18
2026-02-28,S015,P0075,1,2,1,4.0,2026-02-24
2026-02-28,S015,P0076,4,2,1,9.4,2026-02-23
2026-02-28,S015,P0077,0,2,1,0.0,2026-02-26
2026-02-28,S015,P0078,1,2,1,3.0,2026-02-23
2026-02-28,S015,P0079,1,2,1,7.5,2026-02-25
2026-02-28,S015,P0080,2,2,1,5.8,2026-02-19
2026-02-28,S015,P0081,0,2,1,0.0,2026-02-21
2026-02-28,S015,P0082,0,2,1,0.0,2026-02-20
2026-02-28,S015,P0083,1,2,1,5.5,2026-02-23
2026-02-28,S015,P0084,1,2,1,7.2,2026-02-27
2026-02-28,S015,P0085,0,2,1,0.0,2026-02-24
2026-02-28,S015,P0086,1,2,1,3.1,2026-02-18
2026-02-28,S015,P0087,4,2,1,9.2,2026-02-27
2026-02-28,S015,P0088,0,2,1,0.0,2026-02-27
2026-02-28,S015,P0089,0,2,1,0.0,2026-02-28
2026-02-28,S015,P0090,0,2,1,0.0,2026-02-25
2026-02-28,S015,P0091,0,2,1,0.0,2026-02-27
2026-02-28,S015,P0092,1,2,1,6.6,2026-02-18
2026-02-28,S015,P0093,2,2,1,6.9,2026-02-22
2026-02-28,S015,P0094,5,2,1,11.9,2026-02-18
2026-02-28,S015,P0095,3,2,1,7.8,2026-02-21
2026-02-28,S015,P0096,0,2,1,0.0,2026-02-21
2026-02-28,S015,P0097,0,2,1,0.0,2026-02-19
2026-02-28,S015,P0098,0,2,1,0.0,2026-02-22
2026-02-28,S015,P0099,0,2,1,0.0,2026-02-28
2026-02-28,S015,P0100,0,2,1,0.0,2026-02-18
2026-02-28,S015,P0101,1,2,1,5.9,2026-02-26
2026-02-28,S015,P0102,0,2,1,0.0,2026-02-20
2026-02-28,S015,P0103,1,2,1,5.0,2026-02-24
2026-02-28,S015,P0104,0,2,1,0.0,2026-02-21
2026-02-28,S015,P0105,0,2,1,0.0,2026-02-26
2026-02-28,S015,P0106,4,2,1,9.2,2026-02-25
2026-02-28,S015,P0107,3,2,1,12.9,2026-02-21
2026-02-28,S015,P0108,0,2,1,0.0,2026-02-18
2026-02-28,S015,P0109,1,2,1,10.0,2026-02-18
2026-02-28,S015,P0110,1,2,1,6.0,2026-02-21
2026-02-28,S015,P0111,2,2,1,12.0,2026-02-19
2026-02-28,S015,P0112,0,2,1,0.0,2026-02-28
2026-02-28,S015,P0113,0,2,1,0.0,2026-02-23
2026-02-28,S015,P0114,0,2,1,0.0,2026-02-19
2026-02-28,S015,P0115,0,2,1,0.0,2026-02-23
2026-02-28,S015,P0116,4,2,1,10.7,2026-02-19
2026-02-28,S015,P0117,2,2,1,4.4,2026-02-24
2026-02-28,S015,P0118,0,2,1,0.0,2026-02-22
2026-02-28,S015,P0119,0,2,1,0.0,2026-02-25
2026-02-28,S015,P0120,0,2,1,0.0,2026-02-27
2026-02-28,S015,P0121,4,2,1,11.6,2026-02-24
2026-02-28,S015,P0122,4,2,1,10.4,2026-02-25
2026-02-28,S015,P0123,4,2,1,9.1,2026-02-27
2026-02-28,S015,P0124,0,2,1,0.0,2026-02-28
2026-02-28,S015,P0125,0,2,1,0.0,2026-02-22
2026-02-28,S015,P0126,2,2,1,6.0,2026-02-22
2026-02-28,S015,P0127,0,2,1,0.0,2026-02-21
2026-02-28,S015,P0128,0,2,1,0.0,2026-02-26
2026-02-28,S015,P0129,0,2,1,0.0,2026-02-25
2026-02-28,S015,P0130,1,2,1,5.0,2026-02-26
2026-02-28,S015,P0131,0,2,1,0.0,2026-02-23
2026-02-28,S015,P0132,0,2,1,0.0,2026-02-24
2026-02-28,S015,P0133,0,2,1,0.0,2026-02-26
2026-02-28,S015,P0134,0,2,1,0.0,2026-02-19
2026-02-28,S015,P0135,1,2,1,5.0,2026-02-24
2026-02-28,S015,P0136,1,3,1,2.1,2026-02-26
2026-02-28,S015,P0137,1,2,1,2.4,2026-02-20
2026-02-28,S015,P0138,2,2,1,7.8,2026-02-24
2026-02-28,S015,P0139,0,2,1,0.0,2026-02-21
2026-02-28,S015,P0140,0,2,1,0.0,2026-02-27
2026-02-28,S015,P0141,0,2,1,0.0,2026-02-20
2026-02-28,S015,P0142,3,2,1,10.5,2026-02-27
2026-02-28,S015,P0143,0,2,1,0.0,2026-02-24
2026-02-28,S015,P0144,1,2,1,6.0,2026-02-28
2026-02-28,S015,P0145,0,2,1,0.0,2026-02-23
2026-02-28,S015,P0146,2,2,1,7.9,2026-02-19
2026-02-28,S015,P0147,0,2,1,0.0,2026-02-20
2026-02-28,S015,P0148,3,2,1,11.0,2026-02-20
2026-02-28,S015,P0149,4,2,1,8.6,2026-02-22
2026-02-28,S015,P0150,2,3,1,4.3,2026-02-26
2026-02-28,S015,P0151,0,2,1,0.0,2026-02-26
2026-02-28,S015,P0152,1,2,1,6.0,2026-02-18
2026-02-28,S015,P0153,0,2,1,0.0,2026-02-18
2026-02-28,S015,P0154,0,2,1,0.0,2026-02-24
2026-02-28,S015,P0155,0,2,1,0.0,2026-02-28
2026-02-28,S015,P0156,0,2,1,0.0,2026-02-19
2026-02-28,S015,P0157,1,2,1,30.0,2026-02-24
2026-02-28,S015,P0158,1,2,1,3.0,2026-02-22
2026-02-28,S015,P0159,1,2,1,10.0,2026-02-25
2026-02-28,S015,P0160,3,2,1,12.8,2026-02-23
2026-02-28,S015,P0161,0,2,1,0.0,2026-02-21
2026-02-28,S015,P0162,0,2,1,0.0,2026-02-18
2026-02-28,S015,P0163,1,2,1,3.8,2026-02-24
2026-02-28,S015,P0164,0,2,1,0.0,2026-02-25
2026-02-28,S015,P0165,0,2,1,0.0,2026-02-20
2026-02-28,S015,P0166,0,2,1,0.0,2026-02-19
2026-02-28,S015,P0167,0,2,1,0.0,2026-02-26
2026-02-28,S015,P0168,0,2,1,0.0,2026-02-21
2026-02-28,S015,P0169,3,2,1,12.0,2026-02-20
2026-02-28,S015,P0170,0,2,1,0.0,2026-02-23
2026-02-28,S015,P0171,0,2,1,0.0,2026-02-22
2026-02-28,S015,P0172,4,3,1,9.0,2026-02-25
2026-02-28,S015,P0173,0,2,1,0.0,2026-02-19
2026-02-28,S015,P0174,1,2,1,7.5,2026-02-26
2026-02-28,S015,P0175,1,2,1,8.1,2026-02-18
2026-02-28,S015,P0176,1,2,1,10.0,2026-02-23
2026-02-28,S015,P0177,1,2,1,3.1,2026-02-23
2026-02-28,S015,P0178,0,2,1,0.0,2026-02-23
2026-02-28,S015,P0179,2,2,1,6.1,2026-02-21
2026-02-28,S015,P0180,0,2,1,0.0,2026-02-21
2026-02-28,S015,P0181,0,2,1,0.0,2026-02-21
2026-02-28,S015,P0182,0,2,1,0.0,2026-02-18
2026-02-28,S015,P0183,0,2,1,0.0,2026-02-25
2026-02-28,S015,P0184,0,2,1,0.0,2026-02-20
2026-02-28,S015,P0185,0,2,1,0.0,2026-02-20
2026-02-28,S015,P0186,0,2,1,0.0,2026-02-24
2026-02-28,S015,P0187,0,2,1,0.0,2026-02-18
2026-02-28,S015,P0188,0,2,1,0.0,2026-02-23
2026-02-28,S015,P0189,0,2,1,0.0,2026-02-18
2026-02-28,S015,P0190,4,2,1,9.9,2026-02-22
2026-02-28,S015,P0191,0,2,1,0.0,2026-02-23
2026-02-28,S015,P0192,0,2,1,0.0,2026-02-27
2026-02-28,S016,P0001,1,2,1,3.5,2026-02-26
2026-02-28,S016,P0002,1,2,1,2.6,2026-02-20
2026-02-28,S016,P0003,4,2,1,9.6,2026-02-18
2026-02-28,S016,P0004,1,2,1,5.5,2026-02-26
2026-02-28,S016,P0005,0,2,1,0.0,2026-02-20
2026-02-28,S016,P0006,0,2,1,0.0,2026-02-26
2026-02-28,S016,P0007,1,2,1,9.1,2026-02-22
2026-02-28,S016,P0008,1,2,1,30.0,2026-02-27
2026-02-28,S016,P0009,1,2,1,2.9,2026-02-25
2026-02-28,S016,P0010,1,2,1,2.3,2026-02-18
2026-02-28,S016,P0011,0,2,1,0.0,2026-02-24
2026-02-28,S016,P0012,0,2,1,0.0,2026-02-21
2026-02-28,S016,P0013,4,2,1,11.8,2026-02-28
2026-02-28,S016,P0014,0,2,1,0.0,2026-02-28
2026-02-28,S016,P0015,0,2,1,0.0,2026-02-22
2026-02-28,S016,P0016,0,2,1,0.0,2026-02-21
2026-02-28,S016,P0017,0,2,1,0.0,2026-02-23
2026-02-28,S016,P0018,2,2,1,5.1,2026-02-27
2026-02-28,S016,P0019,0,2,1,0.0,2026-02-22
2026-02-28,S016,P0020,2,2,1,8.3,2026-02-26
2026-02-28,S016,P0021,0,2,1,0.0,2026-02-22
2026-02-28,S016,P0022,1,2,1,4.9,2026-02-26
2026-02-28,S016,P0023,3,2,1,6.5,2026-02-24
2026-02-28,S016,P0024,2,2,1,6.4,2026-02-22
2026-02-28,S016,P0025,2,2,1,6.0,2026-02-26
2026-02-28,S016,P0026,1,2,1,10.0,2026-02-19
2026-02-28,S016,P0027,0,2,1,0.0,2026-02-19
2026-02-28,S016,P0028,2,2,1,7.4,2026-02-27
2026-02-28,S016,P0029,0,2,1,0.0,2026-02-23
2026-02-28,S016,P0030,0,2,1,0.0,2026-02-25
2026-02-28,S016,P0031,0,2,1,0.0,2026-02-25
2026-02-28,S016,P0032,3,2,1,6.8,2026-02-19
2026-02-28,S016,P0033,1,2,1,4.3,2026-02-22
2026-02-28,S016,P0034,0,2,1,0.0,2026-02-19
2026-02-28,S016,P0035,4,2,1,13.0,2026-02-25
2026-02-28,S016,P0036,0,2,1,0.0,2026-02-26
2026-02-28,S016,P0037,0,2,1,0.0,2026-02-19
2026-02-28,S016,P0038,0,2,1,0.0,2026-02-22
2026-02-28,S016,P0039,0,2,1,0.0,2026-02-24
2026-02-28,S016,P0040,1,2,1,10.0,2026-02-26
2026-02-28,S016,P0041,0,2,1,0.0,2026-02-18
2026-02-28,S016,P0042,0,2,1,0.0,2026-02-25
2026-02-28,S016,P0043,4,3,1,8.6,2026-02-18
2026-02-28,S016,P0044,1,2,1,6.0,2026-02-26
2026-02-28,S016,P0045,0,2,1,0.0,2026-02-23
2026-02-28,S016,P0046,1,2,1,3.9,2026-02-23
2026-02-28,S016,P0047,0,2,1,0.0,2026-02-26
2026-02-28,S016,P0048,0,2,1,0.0,2026-02-22
2026-02-28,S016,P0049,2,2,1,6.0,2026-02-28
2026-02-28,S016,P0050,0,2,1,0.0,2026-02-21
2026-02-28,S016,P0051,5,2,1,12.3,2026-02-20
2026-02-28,S016,P0052,1,2,1,5.0,2026-02-28
2026-02-28,S016,P0053,0,2,1,0.0,2026-02-23
2026-02-28,S016,P0054,1,3,1,2.2,2026-02-24
2026-02-28,S016,P0055,2,2,1,12.0,2026-02-24
2026-02-28,S016,P0056,0,2,1,0.0,2026-02-26
2026-02-28,S016,P0057,0,2,1,0.0,2026-02-19
2026-02-28,S016,P0058,0,2,1,0.0,2026-02-23
2026-02-28,S016,P0059,2,2,1,10.3,2026-02-27
2026-02-28,S016,P0060,1,2,1,10.0,2026-02-28
2026-02-28,S016,P0061,2,2,1,8.6,2026-02-25
2026-02-28,S016,P0062,0,2,1,0.0,2026-02-24
2026-02-28,S016,P0063,3,2,1,8.4,2026-02-18
2026-02-28,S016,P0064,2,2,1,7.8,2026-02-23
2026-02-28,S016,P0065,0,2,1,0.0,2026-02-20
2026-02-28,S016,P0066,0,2,1,0.0,2026-02-18
2026-02-28,S016,P0067,5,2,1,12.1,2026-02-18
2026-02-28,S016,P0068,0,2,1,0.0,2026-02-27
2026-02-28,S016,P0069,0,2,1,0.0,2026-02-19
2026-02-28,S016,P0070,0,2,1,0.0,2026-02-19
2026-02-28,S016,P0071,0,2,1,0.0,2026-02-19
2026-02-28,S016,P0072,0,2,1,0.0,2026-02-26
2026-02-28,S016,P0073,1,2,1,8.5,2026-02-24
2026-02-28,S016,P0074,3,2,1,6.8,2026-02-26
2026-02-28,S016,P0075,0,2,1,0.0,2026-02-20
2026-02-28,S016,P0076,0,2,1,0.0,2026-02-24
2026-02-28,S016,P0077,3,2,1,7.2,2026-02-22
2026-02-28,S016,P0078,0,2,1,0.0,2026-02-26
2026-02-28,S016,P0079,2,2,1,8.2,2026-02-22
2026-02-28,S016,P0080,6,3,1,13.2,2026-02-27
2026-02-28,S016,P0081,0,2,1,0.0,2026-02-19
2026-02-28,S016,P0082,0,2,1,0.0,2026-02-28
2026-02-28,S016,P0083,0,2,1,0.0,2026-02-21
2026-02-28,S016,P0084,0,2,1,0.0,2026-02-22
2026-02-28,S016,P0085,1,2,1,2.4,2026-02-26
2026-02-28,S016,P0086,0,2,1,0.0,2026-02-22
2026-02-28,S016,P0087,2,2,1,6.2,2026-02-28
2026-02-28,S016,P0088,0,2,1,0.0,2026-02-18
2026-02-28,S016,P0089,1,2,1,5.6,2026-02-21
2026-02-28,S016,P0090,1,2,1,4.7,2026-02-21
2026-02-28,S016,P0091,0,2,1,0.0,2026-02-23
2026-02-28,S016,P0092,0,2,1,0.0,2026-02-23
2026-02-28,S016,P0093,1,2,1,3.4,2026-02-18
2026-02-28,S016,P0094,0,2,1,0.0,2026-02-26
2026-02-28,S016,P0095,4,2,1,8.7,2026-02-25
2026-02-28,S016,P0096,0,2,1,0.0,2026-02-18
2026-02-28,S016,P0097,2,2,1,8.7,2026-02-26
2026-02-28,S016,P0098,0,2,1,0.0,2026-02-27
2026-02-28,S016,P0099,1,2,1,4.8,2026-02-21
2026-02-28,S016,P0100,1,2,1,6.1,2026-02-21
2026-02-28,S016,P0101,0,2,1,0.0,2026-02-22
2026-02-28,S016,P0102,0,2,1,0.0,2026-02-24
2026-02-28,S016,P0103,0,2,1,0.0,2026-02-28
2026-02-28,S016,P0104,4,2,1,8.2,2026-02-28
2026-02-28,S016,P0105,1,2,1,30.0,2026-02-25
2026-02-28,S016,P0106,7,2,1,13.1,2026-02-20
2026-02-28,S016,P0107,0,2,1,0.0,2026-02-27
2026-02-28,S016,P0108,1,2,1,4.3,2026-02-24
2026-02-28,S016,P0109,0,2,1,0.0,2026-02-23
2026-02-28,S016,P0110,0,2,1,0.0,2026-02-21
2026-02-28,S016,P0111,0,2,1,0.0,2026-02-18
2026-02-28,S016,P0112,0,2,1,0.0,2026-02-18
2026-02-28,S016,P0113,0,2,1,0.0,2026-02-19
2026-02-28,S016,P0114,0,2,1,0.0,2026-02-28
2026-02-28,S016,P0115,2,2,1,6.0,2026-02-22
2026-02-28,S016,P0116,1,2,1,7.5,2026-02-24
2026-02-28,S016,P0117,0,2,1,0.0,2026-02-23
2026-02-28,S016,P0118,0,2,1,0.0,2026-02-27
2026-02-28,S016,P0119,5,2,1,12.5,2026-02-25
2026-02-28,S016,P0120,3,2,1,9.9,2026-02-28
2026-02-28,S016,P0121,0,2,1,0.0,2026-02-24
2026-02-28,S016,P0122,0,2,1,0.0,2026-02-28
2026-02-28,S016,P0123,0,2,1,0.0,2026-02-22
2026-02-28,S016,P0124,4,3,1,8.3,2026-02-18
2026-02-28,S016,P0125,0,2,1,0.0,2026-02-28
2026-02-28,S016,P0126,0,2,1,0.0,2026-02-27
2026-02-28,S016,P0127,0,2,1,0.0,2026-02-26
2026-02-28,S016,P0128,2,2,1,10.4,2026-02-27
2026-02-28,S016,P0129,0,2,1,0.0,2026-02-18
2026-02-28,S016,P0130,0,2,1,0.0,2026-02-26
2026-02-28,S016,P0131,1,2,1,10.0,2026-02-28
2026-02-28,S016,P0132,0,2,1,0.0,2026-02-18
2026-02-28,S016,P0133,4,2,1,8.6,2026-02-28
2026-02-28,S016,P0134,0,2,1,0.0,2026-02-27
2026-02-28,S016,P0135,0,2,1,0.0,2026-02-25
2026-02-28,S016,P0136,2,2,1,10.4,2026-02-20
2026-02-28,S016,P0137,0,2,1,0.0,2026-02-28
2026-02-28,S016,P0138,3,2,1,12.1,2026-02-18
2026-02-28,S016,P0139,0,2,1,0.0,2026-02-20
2026-02-28,S016,P0140,1,2,1,2.6,2026-02-24
2026-02-28,S016,P0141,0,2,1,0.0,2026-02-26
2026-02-28,S016,P0142,2,2,1,4.0,2026-02-21
2026-02-28,S016,P0143,0,2,1,0.0,2026-02-23
2026-02-28,S016,P0144,0,2,1,0.0,2026-02-27
2026-02-28,S016,P0145,1,2,1,9.3,2026-02-25
2026-02-28,S016,P0146,0,2,1,0.0,2026-02-19
2026-02-28,S016,P0147,0,2,1,0.0,2026-02-27
2026-02-28,S016,P0148,3,2,1,7.1,2026-02-22
2026-02-28,S016,P0149,0,2,1,0.0,2026-02-27
2026-02-28,S016,P0150,2,2,1,9.2,2026-02-23
2026-02-28,S016,P0151,0,2,1,0.0,2026-02-28
2026-02-28,S016,P0152,0,2,1,0.0,2026-02-21
2026-02-28,S016,P0153,1,2,1,2.8,2026-02-28
2026-02-28,S016,P0154,0,2,1,0.0,2026-02-21
2026-02-28,S016,P0155,3,2,1,12.9,2026-02-20
2026-02-28,S016,P0156,0,2,1,0.0,2026-02-21
2026-02-28,S016,P0157,2,2,1,4.7,2026-02-20
2026-02-28,S016,P0158,1,2,1,7.5,2026-02-19
2026-02-28,S016,P0159,0,2,1,0.0,2026-02-25
2026-02-28,S016,P0160,0,2,1,0.0,2026-02-27
2026-02-28,S016,P0161,1,2,1,7.0,2026-02-27
2026-02-28,S016,P0162,0,2,1,0.0,2026-02-24
2026-02-28,S016,P0163,3,2,1,11.3,2026-02-18
2026-02-28,S016,P0164,0,2,1,0.0,2026-02-25
2026-02-28,S016,P0165,0,2,1,0.0,2026-02-21
2026-02-28,S016,P0166,0,2,1,0.0,2026-02-24
2026-02-28,S016,P0167,2,2,1,5.1,2026-02-23
2026-02-28,S016,P0168,1,2,1,2.3,2026-02-18
2026-02-28,S016,P0169,0,2,1,0.0,2026-02-21
2026-02-28,S016,P0170,0,2,1,0.0,2026-02-26
2026-02-28,S016,P0171,4,2,1,9.7,2026-02-25
2026-02-28,S016,P0172,1,2,1,30.0,2026-02-20
2026-02-28,S016,P0173,0,2,1,0.0,2026-02-22
2026-02-28,S016,P0174,1,2,1,6.0,2026-02-25
2026-02-28,S016,P0175,0,2,1,0.0,2026-02-22
2026-02-28,S016,P0176,2,2,1,5.0,2026-02-27
2026-02-28,S016,P0177,0,2,1,0.0,2026-02-21
2026-02-28,S016,P0178,1,2,1,4.7,2026-02-24
2026-02-28,S016,P0179,1,2,1,10.0,2026-02-28
2026-02-28,S016,P0180,0,2,1,0.0,2026-02-24
2026-02-28,S016,P0181,0,2,1,0.0,2026-02-18
2026-02-28,S016,P0182,0,2,1,0.0,2026-02-23
2026-02-28,S016,P0183,0,2,1,0.0,2026-02-28
2026-02-28,S016,P0184,1,2,1,4.1,2026-02-18
2026-02-28,S016,P0185,1,2,1,2.2,2026-02-20
2026-02-28,S016,P0186,0,2,1,0.0,2026-02-22
2026-02-28,S016,P0187,0,2,1,0.0,2026-02-27
2026-02-28,S016,P0188,0,2,1,0.0,2026-02-25
2026-02-28,S016,P0189,1,2,1,5.0,2026-02-22
2026-02-28,S016,P0190,2,2,1,9.3,2026-02-26
2026-02-28,S016,P0191,0,2,1,0.0,2026-02-26
2026-02-28,S016,P0192,1,2,1,7.3,2026-02-18
2026-02-28,S017,P0001,0,2,1,0.0,2026-02-26
2026-02-28,S017,P0002,0,3,1,0.0,2026-02-22
2026-02-28,S017,P0003,0,2,1,0.0,2026-02-23
2026-02-28,S017,P0004,4,3,1,8.4,2026-02-24
2026-02-28,S017,P0005,0,2,1,0.0,2026-02-22
2026-02-28,S017,P0006,2,2,1,9.2,2026-02-21
2026-02-28,S017,P0007,1,2,1,6.5,2026-02-23
2026-02-28,S017,P0008,0,2,1,0.0,2026-02-18
2026-02-28,S017,P0009,5,3,1,10.9,2026-02-22
2026-02-28,S017,P0010,0,2,1,0.0,2026-02-23
2026-02-28,S017,P0011,0,2,1,0.0,2026-02-23
2026-02-28,S017,P0012,0,2,1,0.0,2026-02-24
2026-02-28,S017,P0013,0,2,1,0.0,2026-02-25
2026-02-28,S017,P0014,2,2,1,5.8,2026-02-24
2026-02-28,S017,P0015,3,2,1,10.4,2026-02-22
2026-02-28,S017,P0016,0,2,1,0.0,2026-02-26
2026-02-28,S017,P0017,0,2,1,0.0,2026-02-25
2026-02-28,S017,P0018,6,2,1,12.2,2026-02-26
2026-02-28,S017,P0019,1,2,1,6.1,2026-02-19
2026-02-28,S017,P0020,0,2,1,0.0,2026-02-27
2026-02-28,S017,P0021,2,2,1,12.7,2026-02-23
2026-02-28,S017,P0022,0,2,1,0.0,2026-02-20
2026-02-28,S017,P0023,0,2,1,0.0,2026-02-19
2026-02-28,S017,P0024,4,2,1,12.6,2026-02-18
2026-02-28,S017,P0025,2,2,1,4.2,2026-02-28
2026-02-28,S017,P0026,1,2,1,6.2,2026-02-25
2026-02-28,S017,P0027,0,2,1,0.0,2026-02-22
2026-02-28,S017,P0028,1,2,1,10.0,2026-02-26
2026-02-28,S017,P0029,0,2,1,0.0,2026-02-21
2026-02-28,S017,P0030,0,2,1,0.0,2026-02-25
2026-02-28,S017,P0031,5,2,1,11.1,2026-02-24
2026-02-28,S017,P0032,4,2,1,11.9,2026-02-27
2026-02-28,S017,P0033,0,2,1,0.0,2026-02-23
2026-02-28,S017,P0034,0,2,1,0.0,2026-02-21
2026-02-28,S017,P0035,4,2,1,9.3,2026-02-26
2026-02-28,S017,P0036,0,2,1,0.0,2026-02-24
2026-02-28,S017,P0037,0,2,1,0.0,2026-02-26
2026-02-28,S017,P0038,2,2,1,4.4,2026-02-26
2026-02-28,S017,P0039,0,2,1,0.0,2026-02-21
2026-02-28,S017,P0040,1,2,1,10.0,2026-02-27
2026-02-28,S017,P0041,5,2,1,12.9,2026-02-18
2026-02-28,S017,P0042,0,2,1,0.0,2026-02-21
2026-02-28,S017,P0043,2,2,1,4.1,2026-02-28
2026-02-28,S017,P0044,0,2,1,0.0,2026-02-27
2026-02-28,S017,P0045,0,2,1,0.0,2026-02-26
2026-02-28,S017,P0046,0,2,1,0.0,2026-02-28
2026-02-28,S017,P0047,1,2,1,6.0,2026-02-21
2026-02-28,S017,P0048,2,2,1,12.0,2026-02-25
2026-02-28,S017,P0049,1,2,1,6.0,2026-02-25
2026-02-28,S017,P0050,0,2,1,0.0,2026-02-20
2026-02-28,S017,P0051,0,2,1,0.0,2026-02-26
2026-02-28,S017,P0052,0,2,1,0.0,2026-02-27
2026-02-28,S017,P0053,2,2,1,8.5,2026-02-23
2026-02-28,S017,P0054,2,2,1,4.2,2026-02-22
2026-02-28,S017,P0055,0,2,1,0.0,2026-02-24
2026-02-28,S017,P0056,0,2,1,0.0,2026-02-20
2026-02-28,S017,P0057,0,2,1,0.0,2026-02-28
2026-02-28,S017,P0058,0,2,1,0.0,2026-02-25
2026-02-28,S017,P0059,0,2,1,0.0,2026-02-18
2026-02-28,S017,P0060,0,2,1,0.0,2026-02-24
2026-02-28,S017,P0061,0,2,1,0.0,2026-02-25
2026-02-28,S017,P0062,0,2,1,0.0,2026-02-25
2026-02-28,S017,P0063,0,2,1,0.0,2026-02-27
2026-02-28,S017,P0064,1,2,1,30.0,2026-02-25
2026-02-28,S017,P0065,1,2,1,2.8,2026-02-24
2026-02-28,S017,P0066,1,2,1,9.0,2026-02-25
2026-02-28,S017,P0067,1,2,1,5.5,2026-02-22
2026-02-28,S017,P0068,0,2,1,0.0,2026-02-25
2026-02-28,S017,P0069,0,2,1,0.0,2026-02-28
2026-02-28,S017,P0070,0,2,1,0.0,2026-02-25
2026-02-28,S017,P0071,1,2,1,10.0,2026-02-27
2026-02-28,S017,P0072,0,2,1,0.0,2026-02-23
2026-02-28,S017,P0073,1,2,1,7.5,2026-02-24
2026-02-28,S017,P0074,0,2,1,0.0,2026-02-28
2026-02-28,S017,P0075,0,2,1,0.0,2026-02-28
2026-02-28,S017,P0076,0,2,1,0.0,2026-02-19
2026-02-28,S017,P0077,1,2,1,2.5,2026-02-21
2026-02-28,S017,P0078,1,2,1,3.5,2026-02-20
2026-02-28,S017,P0079,2,2,1,8.9,2026-02-23
2026-02-28,S017,P0080,2,2,1,7.3,2026-02-18
2026-02-28,S017,P0081,1,2,1,10.0,2026-02-18
2026-02-28,S017,P0082,2,2,1,8.8,2026-02-19
2026-02-28,S017,P0083,0,2,1,0.0,2026-02-20
2026-02-28,S017,P0084,1,2,1,3.5,2026-02-24
2026-02-28,S017,P0085,1,2,1,7.8,2026-02-19
2026-02-28,S017,P0086,0,2,1,0.0,2026-02-22
2026-02-28,S017,P0087,0,2,1,0.0,2026-02-18
2026-02-28,S017,P0088,1,2,1,3.0,2026-02-25
2026-02-28,S017,P0089,1,2,1,10.0,2026-02-19
2026-02-28,S017,P0090,0,2,1,0.0,2026-02-21
2026-02-28,S017,P0091,1,2,1,6.8,2026-02-24
2026-02-28,S017,P0092,2,2,1,4.4,2026-02-23
2026-02-28,S017,P0093,2,2,1,6.5,2026-02-25
2026-02-28,S017,P0094,0,3,1,0.0,2026-02-21
2026-02-28,S017,P0095,0,2,1,0.0,2026-02-18
2026-02-28,S017,P0096,0,2,1,0.0,2026-02-21
2026-02-28,S017,P0097,0,2,1,0.0,2026-02-19
2026-02-28,S017,P0098,0,2,1,0.0,2026-02-20
2026-02-28,S017,P0099,1,2,1,7.5,2026-02-23
2026-02-28,S017,P0100,6,2,1,13.1,2026-02-28
2026-02-28,S017,P0101,1,2,1,7.5,2026-02-27
2026-02-28,S017,P0102,0,2,1,0.0,2026-02-25
2026-02-28,S017,P0103,0,2,1,0.0,2026-02-22
2026-02-28,S017,P0104,0,2,1,0.0,2026-02-26
2026-02-28,S017,P0105,0,2,1,0.0,2026-02-18
2026-02-28,S017,P0106,1,2,1,5.0,2026-02-20
2026-02-28,S017,P0107,0,2,1,0.0,2026-02-25
2026-02-28,S017,P0108,2,2,1,12.0,2026-02-20
2026-02-28,S017,P0109,1,2,1,7.5,2026-02-28
2026-02-28,S017,P0110,2,2,1,8.6,2026-02-19
2026-02-28,S017,P0111,1,2,1,10.0,2026-02-18
2026-02-28,S017,P0112,0,2,1,0.0,2026-02-26
2026-02-28,S017,P0113,0,2,1,0.0,2026-02-19
2026-02-28,S017,P0114,4,2,1,11.6,2026-02-22
2026-02-28,S017,P0115,4,2,1,10.1,2026-02-28
2026-02-28,S017,P0116,3,2,1,9.0,2026-02-18
2026-02-28,S017,P0117,1,2,1,6.4,2026-02-28
2026-02-28,S017,P0118,0,2,1,0.0,2026-02-22
2026-02-28,S017,P0119,0,2,1,0.0,2026-02-21
2026-02-28,S017,P0120,0,2,1,0.0,2026-02-24
2026-02-28,S017,P0121,3,2,1,9.2,2026-02-23
2026-02-28,S017,P0122,1,2,1,15.0,2026-02-26
2026-02-28,S017,P0123,0,2,1,0.0,2026-02-20
2026-02-28,S017,P0124,1,2,1,3.8,2026-02-22
2026-02-28,S017,P0125,2,2,1,10.0,2026-02-21
2026-02-28,S017,P0126,0,2,1,0.0,2026-02-20
2026-02-28,S017,P0127,0,2,1,0.0,2026-02-28
2026-02-28,S017,P0128,0,2,1,0.0,2026-02-25
2026-02-28,S017,P0129,0,2,1,0.0,2026-02-22
2026-02-28,S017,P0130,0,2,1,0.0,2026-02-28
2026-02-28,S017,P0131,0,2,1,0.0,2026-02-22
2026-02-28,S017,P0132,1,2,1,8.6,2026-02-28
2026-02-28,S017,P0133,0,2,1,0.0,2026-02-23
2026-02-28,S017,P0134,0,2,1,0.0,2026-02-26
2026-02-28,S017,P0135,2,2,1,9.6,2026-02-24
2026-02-28,S017,P0136,4,2,1,11.9,2026-02-18
2026-02-28,S017,P0137,0,2,1,0.0,2026-02-28
2026-02-28,S017,P0138,3,2,1,6.2,2026-02-23
2026-02-28,S017,P0139,4,2,1,13.5,2026-02-18
2026-02-28,S017,P0140,1,2,1,5.2,2026-02-24
2026-02-28,S017,P0141,0,2,1,0.0,2026-02-27
2026-02-28,S017,P0142,0,2,1,0.0,2026-02-22
2026-02-28,S017,P0143,0,2,1,0.0,2026-02-24
2026-02-28,S017,P0144,4,2,1,10.4,2026-02-22
2026-02-28,S017,P0145,0,2,1,0.0,2026-02-24
2026-02-28,S017,P0146,2,2,1,4.2,2026-02-21
2026-02-28,S017,P0147,1,2,1,7.7,2026-02-28
2026-02-28,S017,P0148,0,2,1,0.0,2026-02-23
2026-02-28,S017,P0149,1,2,1,6.6,2026-02-22
2026-02-28,S017,P0150,2,2,1,6.2,2026-02-20
2026-02-28,S017,P0151,6,2,1,12.2,2026-02-28
2026-02-28,S017,P0152,0,2,1,0.0,2026-02-20
2026-02-28,S017,P0153,0,2,1,0.0,2026-02-21
2026-02-28,S017,P0154,0,2,1,0.0,2026-02-19
2026-02-28,S017,P0155,0,2,1,0.0,2026-02-25
2026-02-28,S017,P0156,0,2,1,0.0,2026-02-27
2026-02-28,S017,P0157,0,2,1,0.0,2026-02-22
2026-02-28,S017,P0158,3,2,1,7.9,2026-02-21
2026-02-28,S017,P0159,1,2,1,7.5,2026-02-22
2026-02-28,S017,P0160,0,2,1,0.0,2026-02-28
2026-02-28,S017,P0161,0,2,1,0.0,2026-02-25
2026-02-28,S017,P0162,3,2,1,7.8,2026-02-19
2026-02-28,S017,P0163,1,2,1,10.0,2026-02-27
2026-02-28,S017,P0164,2,2,1,11.6,2026-02-26
2026-02-28,S017,P0165,0,2,1,0.0,2026-02-27
2026-02-28,S017,P0166,1,2,1,3.9,2026-02-24
2026-02-28,S017,P0167,0,2,1,0.0,2026-02-26
2026-02-28,S017,P0168,0,2,1,0.0,2026-02-22
2026-02-28,S017,P0169,0,2,1,0.0,2026-02-23
2026-02-28,S017,P0170,2,2,1,9.9,2026-02-21
2026-02-28,S017,P0171,0,2,1,0.0,2026-02-20
2026-02-28,S017,P0172,0,2,1,0.0,2026-02-22
2026-02-28,S017,P0173,0,2,1,0.0,2026-02-28
2026-02-28,S017,P0174,2,2,1,10.0,2026-02-20
2026-02-28,S017,P0175,1,2,1,10.0,2026-02-23
2026-02-28,S017,P0176,0,2,1,0.0,2026-02-19
2026-02-28,S017,P0177,0,2,1,0.0,2026-02-20
2026-02-28,S017,P0178,0,2,1,0.0,2026-02-24
2026-02-28,S017,P0179,0,2,1,0.0,2026-02-23
2026-02-28,S017,P0180,0,2,1,0.0,2026-02-24
2026-02-28,S017,P0181,0,2,1,0.0,2026-02-23
2026-02-28,S017,P0182,2,2,1,6.4,2026-02-24
2026-02-28,S017,P0183,2,2,1,4.5,2026-02-27
2026-02-28,S017,P0184,0,2,1,0.0,2026-02-18
2026-02-28,S017,P0185,2,2,1,9.2,2026-02-24
2026-02-28,S017,P0186,0,2,1,0.0,2026-02-22
2026-02-28,S017,P0187,0,2,1,0.0,2026-02-20
2026-02-28,S017,P0188,1,2,1,5.4,2026-02-26
2026-02-28,S017,P0189,0,2,1,0.0,2026-02-20
2026-02-28,S017,P0190,0,2,1,0.0,2026-02-18
2026-02-28,S017,P0191,3,2,1,6.7,2026-02-18
2026-02-28,S017,P0192,3,2,1,7.9,2026-02-20
2026-02-28,S018,P0001,0,2,1,0.0,2026-02-18
2026-02-28,S018,P0002,0,2,1,0.0,2026-02-24
2026-02-28,S018,P0003,0,2,1,0.0,2026-02-25
2026-02-28,S018,P0004,0,2,1,0.0,2026-02-20
2026-02-28,S018,P0005,0,2,1,0.0,2026-02-19
2026-02-28,S018,P0006,0,2,1,0.0,2026-02-27
2026-02-28,S018,P0007,4,2,1,9.4,2026-02-24
2026-02-28,S018,P0008,0,2,1,0.0,2026-02-23
2026-02-28,S018,P0009,0,2,1,0.0,2026-02-18
2026-02-28,S018,P0010,1,2,1,4.3,2026-02-21
2026-02-28,S018,P0011,3,2,1,11.2,2026-02-20
2026-02-28,S018,P0012,2,2,1,4.3,2026-02-22
2026-02-28,S018,P0013,0,2,1,0.0,2026-02-19
2026-02-28,S018,P0014,1,2,1,5.3,2026-02-22
2026-02-28,S018,P0015,0,2,1,0.0,2026-02-20
2026-02-28,S018,P0016,0,2,1,0.0,2026-02-19
2026-02-28,S018,P0017,1,2,1,3.8,2026-02-22
2026-02-28,S018,P0018,0,2,1,0.0,2026-02-18
2026-02-28,S018,P0019,0,2,1,0.0,2026-02-20
2026-02-28,S018,P0020,1,2,1,5.1,2026-02-23
2026-02-28,S018,P0021,0,2,1,0.0,2026-02-22
2026-02-28,S018,P0022,3,2,1,6.6,2026-02-26
2026-02-28,S018,P0023,0,2,1,0.0,2026-02-24
2026-02-28,S018,P0024,0,2,1,0.0,2026-02-23
2026-02-28,S018,P0025,0,2,1,0.0,2026-02-26
2026-02-28,S018,P0026,0,2,1,0.0,2026-02-21
2026-02-28,S018,P0027,5,2,1,10.3,2026-02-25
2026-02-28,S018,P0028,0,2,1,0.0,2026-02-20
2026-02-28,S018,P0029,0,2,1,0.0,2026-02-28
2026-02-28,S018,P0030,0,2,1,0.0,2026-02-28
2026-02-28,S018,P0031,1,2,1,4.5,2026-02-19
2026-02-28,S018,P0032,0,2,1,0.0,2026-02-25
2026-02-28,S018,P0033,0,2,1,0.0,2026-02-20
2026-02-28,S018,P0034,2,2,1,10.0,2026-02-18
2026-02-28,S018,P0035,0,2,1,0.0,2026-02-23
2026-02-28,S018,P0036,1,3,1,2.1,2026-02-20
2026-02-28,S018,P0037,0,2,1,0.0,2026-02-23
2026-02-28,S018,P0038,0,2,1,0.0,2026-02-24
2026-02-28,S018,P0039,0,2,1,0.0,2026-02-22
2026-02-28,S018,P0040,0,2,1,0.0,2026-02-21
2026-02-28,S018,P0041,0,2,1,0.0,2026-02-21
2026-02-28,S018,P0042,0,2,1,0.0,2026-02-18
2026-02-28,S018,P0043,2,2,1,13.3,2026-02-23
2026-02-28,S018,P0044,0,2,1,0.0,2026-02-19
2026-02-28,S018,P0045,0,2,1,0.0,2026-02-20
2026-02-28,S018,P0046,0,2,1,0.0,2026-02-22
2026-02-28,S018,P0047,1,2,1,10.0,2026-02-24
2026-02-28,S018,P0048,0,2,1,0.0,2026-02-26
2026-02-28,S018,P0049,1,2,1,7.5,2026-02-27
2026-02-28,S018,P0050,0,2,1,0.0,2026-02-19
2026-02-28,S018,P0051,0,2,1,0.0,2026-02-24
2026-02-28,S018,P0052,1,2,1,5.0,2026-02-18
2026-02-28,S018,P0053,0,2,1,0.0,2026-02-20
2026-02-28,S018,P0054,2,2,1,5.1,2026-02-23
2026-02-28,S018,P0055,0,2,1,0.0,2026-02-23
2026-02-28,S018,P0056,1,2,1,30.0,2026-02-18
2026-02-28,S018,P0057,2,2,1,4.7,2026-02-20
2026-02-28,S018,P0058,0,2,1,0.0,2026-02-21
2026-02-28,S018,P0059,0,2,1,0.0,2026-02-21
2026-02-28,S018,P0060,0,2,1,0.0,2026-02-25
2026-02-28,S018,P0061,0,2,1,0.0,2026-02-21
2026-02-28,S018,P0062,0,2,1,0.0,2026-02-22
2026-02-28,S018,P0063,0,2,1,0.0,2026-02-20
2026-02-28,S018,P0064,0,2,1,0.0,2026-02-23
2026-02-28,S018,P0065,1,2,1,5.0,2026-02-26
2026-02-28,S018,P0066,1,2,1,10.0,2026-02-20
2026-02-28,S018,P0067,3,2,1,11.0,2026-02-19
2026-02-28,S018,P0068,1,2,1,7.5,2026-02-18
2026-02-28,S018,P0069,2,2,1,7.3,2026-02-24
2026-02-28,S018,P0070,4,2,1,9.4,2026-02-22
2026-02-28,S018,P0071,0,2,1,0.0,2026-02-24
2026-02-28,S018,P0072,0,2,1,0.0,2026-02-19
2026-02-28,S018,P0073,0,2,1,0.0,2026-02-20
2026-02-28,S018,P0074,4,2,1,8.5,2026-02-19
2026-02-28,S018,P0075,1,2,1,30.0,2026-02-25
2026-02-28,S018,P0076,0,2,1,0.0,2026-02-21
2026-02-28,S018,P0077,0,2,1,0.0,2026-02-26
2026-02-28,S018,P0078,1,2,1,2.2,2026-02-20
2026-02-28,S018,P0079,0,2,1,0.0,2026-02-26
2026-02-28,S018,P0080,0,2,1,0.0,2026-02-18
2026-02-28,S018,P0081,0,2,1,0.0,2026-02-19
2026-02-28,S018,P0082,1,2,1,7.5,2026-02-21
2026-02-28,S018,P0083,1,2,1,8.1,2026-02-27
2026-02-28,S018,P0084,0,2,1,0.0,2026-02-18
2026-02-28,S018,P0085,1,2,1,6.0,2026-02-22
2026-02-28,S018,P0086,0,2,1,0.0,2026-02-18
2026-02-28,S018,P0087,1,2,1,6.5,2026-02-22
2026-02-28,S018,P0088,0,2,1,0.0,2026-02-26
2026-02-28,S018,P0089,0,2,1,0.0,2026-02-20
2026-02-28,S018,P0090,2,2,1,10.9,2026-02-22
2026-02-28,S018,P0091,1,2,1,7.5,2026-02-22
2026-02-28,S018,P0092,0,3,1,0.0,2026-02-20
2026-02-28,S018,P0093,0,2,1,0.0,2026-02-24
2026-02-28,S018,P0094,2,2,1,9.6,2026-02-26
2026-02-28,S018,P0095,0,2,1,0.0,2026-02-22
2026-02-28,S018,P0096,0,2,1,0.0,2026-02-18
2026-02-28,S018,P0097,2,2,1,4.2,2026-02-20
2026-02-28,S018,P0098,4,2,1,12.2,2026-02-25
2026-02-28,S018,P0099,1,2,1,2.9,2026-02-25
2026-02-28,S018,P0100,1,2,1,10.0,2026-02-22
2026-02-28,S018,P0101,0,2,1,0.0,2026-02-24
2026-02-28,S018,P0102,0,2,1,0.0,2026-02-20
2026-02-28,S018,P0103,0,2,1,0.0,2026-02-25
2026-02-28,S018,P0104,1,2,1,7.6,2026-02-26
2026-02-28,S018,P0105,1,2,1,30.0,2026-02-27
2026-02-28,S018,P0106,5,2,1,13.6,2026-02-23
2026-02-28,S018,P0107,1,2,1,10.0,2026-02-28
2026-02-28,S018,P0108,1,2,1,5.0,2026-02-28
2026-02-28,S018,P0109,1,2,1,10.0,2026-02-28
2026-02-28,S018,P0110,0,2,1,0.0,2026-02-27
2026-02-28,S018,P0111,0,2,1,0.0,2026-02-19
2026-02-28,S018,P0112,1,2,1,5.0,2026-02-20
2026-02-28,S018,P0113,0,2,1,0.0,2026-02-18
2026-02-28,S018,P0114,1,2,1,5.4,2026-02-23
2026-02-28,S018,P0115,4,2,1,10.5,2026-02-24
2026-02-28,S018,P0116,0,2,1,0.0,2026-02-20
2026-02-28,S018,P0117,3,2,1,7.5,2026-02-19
2026-02-28,S018,P0118,2,2,1,11.4,2026-02-18
2026-02-28,S018,P0119,1,2,1,6.0,2026-02-27
2026-02-28,S018,P0120,0,2,1,0.0,2026-02-22
2026-02-28,S018,P0121,0,2,1,0.0,2026-02-22
2026-02-28,S018,P0122,1,2,1,2.2,2026-02-25
2026-02-28,S018,P0123,0,2,1,0.0,2026-02-26
2026-02-28,S018,P0124,0,2,1,0.0,2026-02-18
2026-02-28,S018,P0125,0,2,1,0.0,2026-02-27
2026-02-28,S018,P0126,0,2,1,0.0,2026-02-23
2026-02-28,S018,P0127,2,2,1,7.5,2026-02-26
2026-02-28,S018,P0128,0,2,1,0.0,2026-02-27
2026-02-28,S018,P0129,0,2,1,0.0,2026-02-21
2026-02-28,S018,P0130,0,2,1,0.0,2026-02-28
2026-02-28,S018,P0131,1,2,1,6.0,2026-02-24
2026-02-28,S018,P0132,0,2,1,0.0,2026-02-20
2026-02-28,S018,P0133,1,2,1,9.4,2026-02-21
2026-02-28,S018,P0134,1,2,1,2.1,2026-02-25
2026-02-28,S018,P0135,0,2,1,0.0,2026-02-20
2026-02-28,S018,P0136,0,2,1,0.0,2026-02-26
2026-02-28,S018,P0137,0,2,1,0.0,2026-02-23
2026-02-28,S018,P0138,0,2,1,0.0,2026-02-24
2026-02-28,S018,P0139,0,2,1,0.0,2026-02-18
2026-02-28,S018,P0140,0,2,1,0.0,2026-02-25
2026-02-28,S018,P0141,5,2,1,10.6,2026-02-21
2026-02-28,S018,P0142,2,2,1,12.1,2026-02-25
2026-02-28,S018,P0143,1,2,1,2.5,2026-02-19
2026-02-28,S018,P0144,0,2,1,0.0,2026-02-25
2026-02-28,S018,P0145,4,2,1,10.4,2026-02-23
2026-02-28,S018,P0146,2,2,1,4.2,2026-02-25
2026-02-28,S018,P0147,0,2,1,0.0,2026-02-23
2026-02-28,S018,P0148,5,2,1,12.1,2026-02-20
2026-02-28,S018,P0149,1,2,1,4.6,2026-02-25
2026-02-28,S018,P0150,3,2,1,12.6,2026-02-21
2026-02-28,S018,P0151,0,2,1,0.0,2026-02-27
2026-02-28,S018,P0152,0,2,1,0.0,2026-02-27
2026-02-28,S018,P0153,0,2,1,0.0,2026-02-26
2026-02-28,S018,P0154,2,2,1,4.3,2026-02-19
2026-02-28,S018,P0155,0,2,1,0.0,2026-02-18
2026-02-28,S018,P0156,0,2,1,0.0,2026-02-18
2026-02-28,S018,P0157,1,2,1,8.7,2026-02-20
2026-02-28,S018,P0158,0,2,1,0.0,2026-02-25
2026-02-28,S018,P0159,3,2,1,11.2,2026-02-26
2026-02-28,S018,P0160,0,2,1,0.0,2026-02-21
2026-02-28,S018,P0161,0,2,1,0.0,2026-02-27
2026-02-28,S018,P0162,0,2,1,0.0,2026-02-23
2026-02-28,S018,P0163,0,2,1,0.0,2026-02-21
2026-02-28,S018,P0164,1,2,1,30.0,2026-02-21
2026-02-28,S018,P0165,0,2,1,0.0,2026-02-18
2026-02-28,S018,P0166,2,2,1,7.2,2026-02-23
2026-02-28,S018,P0167,1,2,1,5.6,2026-02-24
2026-02-28,S018,P0168,2,2,1,9.7,2026-02-22
2026-02-28,S018,P0169,0,2,1,0.0,2026-02-28
2026-02-28,S018,P0170,0,2,1,0.0,2026-02-20
2026-02-28,S018,P0171,0,2,1,0.0,2026-02-24
2026-02-28,S018,P0172,0,2,1,0.0,2026-02-28
2026-02-28,S018,P0173,0,2,1,0.0,2026-02-28
2026-02-28,S018,P0174,2,2,1,12.0,2026-02-28
2026-02-28,S018,P0175,0,2,1,0.0,2026-02-25
2026-02-28,S018,P0176,0,2,1,0.0,2026-02-26
2026-02-28,S018,P0177,1,2,1,6.1,2026-02-23
2026-02-28,S018,P0178,0,2,1,0.0,2026-02-27
2026-02-28,S018,P0179,0,2,1,0.0,2026-02-21
2026-02-28,S018,P0180,4,2,1,11.1,2026-02-27
2026-02-28,S018,P0181,0,2,1,0.0,2026-02-20
2026-02-28,S018,P0182,0,2,1,0.0,2026-02-24
2026-02-28,S018,P0183,0,2,1,0.0,2026-02-21
2026-02-28,S018,P0184,2,2,1,4.8,2026-02-18
2026-02-28,S018,P0185,0,2,1,0.0,2026-02-22
2026-02-28,S018,P0186,0,2,1,0.0,2026-02-18
2026-02-28,S018,P0187,0,2,1,0.0,2026-02-26
2026-02-28,S018,P0188,1,2,1,10.0,2026-02-24
2026-02-28,S018,P0189,0,2,1,0.0,2026-02-28
2026-02-28,S018,P0190,1,2,1,30.0,2026-02-22
2026-02-28,S018,P0191,0,2,1,0.0,2026-02-28
2026-02-28,S018,P0192,1,2,1,10.0,2026-02-25
2026-02-28,S019,P0001,0,2,1,0.0,2026-02-22
2026-02-28,S019,P0002,0,2,1,0.0,2026-02-24
2026-02-28,S019,P0003,0,2,1,0.0,2026-02-21
2026-02-28,S019,P0004,0,2,1,0.0,2026-02-21
2026-02-28,S019,P0005,1,2,1,7.5,2026-02-25
2026-02-28,S019,P0006,1,2,1,4.8,2026-02-27
2026-02-28,S019,P0007,1,2,1,10.0,2026-02-18
2026-02-28,S019,P0008,1,2,1,2.3,2026-02-26
2026-02-28,S019,P0009,3,2,1,6.8,2026-02-27
2026-02-28,S019,P0010,0,2,1,0.0,2026-02-21
2026-02-28,S019,P0011,2,2,1,9.5,2026-02-22
2026-02-28,S019,P0012,0,2,1,0.0,2026-02-25
2026-02-28,S019,P0013,0,2,1,0.0,2026-02-22
2026-02-28,S019,P0014,0,2,1,0.0,2026-02-19
2026-02-28,S019,P0015,5,2,1,11.5,2026-02-20
2026-02-28,S019,P0016,0,2,1,0.0,2026-02-27
2026-02-28,S019,P0017,0,2,1,0.0,2026-02-24
2026-02-28,S019,P0018,0,2,1,0.0,2026-02-20
2026-02-28,S019,P0019,0,2,1,0.0,2026-02-25
2026-02-28,S019,P0020,1,2,1,2.7,2026-02-25
2026-02-28,S019,P0021,0,2,1,0.0,2026-02-28
2026-02-28,S019,P0022,0,2,1,0.0,2026-02-21
2026-02-28,S019,P0023,0,2,1,0.0,2026-02-18
2026-02-28,S019,P0024,0,2,1,0.0,2026-02-20
2026-02-28,S019,P0025,2,2,1,7.5,2026-02-20
2026-02-28,S019,P0026,0,2,1,0.0,2026-02-22
2026-02-28,S019,P0027,0,2,1,0.0,2026-02-24
2026-02-28,S019,P0028,0,2,1,0.0,2026-02-24
2026-02-28,S019,P0029,0,2,1,0.0,2026-02-24
2026-02-28,S019,P0030,0,2,1,0.0,2026-02-20
2026-02-28,S019,P0031,0,2,1,0.0,2026-02-19
2026-02-28,S019,P0032,1,2,1,7.5,2026-02-18
2026-02-28,S019,P0033,1,2,1,4.3,2026-02-19
2026-02-28,S019,P0034,1,2,1,10.0,2026-02-27
2026-02-28,S019,P0035,0,2,1,0.0,2026-02-25
2026-02-28,S019,P0036,0,2,1,0.0,2026-02-20
2026-02-28,S019,P0037,1,2,1,5.0,2026-02-27
2026-02-28,S019,P0038,0,2,1,0.0,2026-02-18
2026-02-28,S019,P0039,1,2,1,10.0,2026-02-22
2026-02-28,S019,P0040,0,2,1,0.0,2026-02-26
2026-02-28,S019,P0041,0,2,1,0.0,2026-02-25
2026-02-28,S019,P0042,2,2,1,7.8,2026-02-25
2026-02-28,S019,P0043,0,2,1,0.0,2026-02-21
2026-02-28,S019,P0044,1,2,1,3.3,2026-02-20
2026-02-28,S019,P0045,0,2,1,0.0,2026-02-28
2026-02-28,S019,P0046,0,2,1,0.0,2026-02-28
2026-02-28,S019,P0047,2,2,1,8.6,2026-02-20
2026-02-28,S019,P0048,2,2,1,6.9,2026-02-28
2026-02-28,S019,P0049,1,2,1,7.5,2026-02-24
2026-02-28,S019,P0050,0,2,1,0.0,2026-02-18
2026-02-28,S019,P0051,1,2,1,3.6,2026-02-20
2026-02-28,S019,P0052,4,2,1,13.3,2026-02-22
2026-02-28,S019,P0053,0,2,1,0.0,2026-02-21
2026-02-28,S019,P0054,0,2,1,0.0,2026-02-23
2026-02-28,S019,P0055,0,2,1,0.0,2026-02-27
2026-02-28,S019,P0056,1,2,1,7.5,2026-02-26
2026-02-28,S019,P0057,0,2,1,0.0,2026-02-19
2026-02-28,S019,P0058,2,2,1,5.3,2026-02-22
2026-02-28,S019,P0059,1,2,1,9.8,2026-02-25
2026-02-28,S019,P0060,0,2,1,0.0,2026-02-23
2026-02-28,S019,P0061,0,2,1,0.0,2026-02-21
2026-02-28,S019,P0062,0,2,1,0.0,2026-02-27
2026-02-28,S019,P0063,1,2,1,10.0,2026-02-20
2026-02-28,S019,P0064,1,2,1,7.5,2026-02-25
2026-02-28,S019,P0065,2,2,1,11.2,2026-02-19
2026-02-28,S019,P0066,4,2,1,12.3,2026-02-20
2026-02-28,S019,P0067,0,2,1,0.0,2026-02-21
2026-02-28,S019,P0068,0,2,1,0.0,2026-02-24
2026-02-28,S019,P0069,1,2,1,5.8,2026-02-27
2026-02-28,S019,P0070,0,2,1,0.0,2026-02-26
2026-02-28,S019,P0071,0,2,1,0.0,2026-02-20
2026-02-28,S019,P0072,1,2,1,2.9,2026-02-18
2026-02-28,S019,P0073,0,2,1,0.0,2026-02-28
2026-02-28,S019,P0074,1,2,1,4.3,2026-02-23
2026-02-28,S019,P0075,0,2,1,0.0,2026-02-27
2026-02-28,S019,P0076,5,2,1,11.2,2026-02-18
2026-02-28,S019,P0077,2,2,1,9.6,2026-02-20
2026-02-28,S019,P0078,0,2,1,0.0,2026-02-28
2026-02-28,S019,P0079,2,3,1,4.0,2026-02-28
2026-02-28,S019,P0080,0,2,1,0.0,2026-02-20
2026-02-28,S019,P0081,3,2,1,8.6,2026-02-22
2026-02-28,S019,P0082,0,2,1,0.0,2026-02-27
2026-02-28,S019,P0083,0,2,1,0.0,2026-02-26
2026-02-28,S019,P0084,0,2,1,0.0,2026-02-24
2026-02-28,S019,P0085,1,2,1,2.4,2026-02-22
2026-02-28,S019,P0086,1,2,1,7.5,2026-02-26
2026-02-28,S019,P0087,0,2,1,0.0,2026-02-20
2026-02-28,S019,P0088,0,2,1,0.0,2026-02-27
2026-02-28,S019,P0089,1,2,1,10.0,2026-02-27
2026-02-28,S019,P0090,0,2,1,0.0,2026-02-21
2026-02-28,S019,P0091,0,2,1,0.0,2026-02-27
2026-02-28,S019,P0092,0,2,1,0.0,2026-02-24
2026-02-28,S019,P0093,0,2,1,0.0,2026-02-28
2026-02-28,S019,P0094,5,2,1,10.4,2026-02-28
2026-02-28,S019,P0095,5,2,1,11.6,2026-02-21
2026-02-28,S019,P0096,0,2,1,0.0,2026-02-23
2026-02-28,S019,P0097,1,2,1,7.7,2026-02-26
2026-02-28,S019,P0098,0,2,1,0.0,2026-02-25
2026-02-28,S019,P0099,0,2,1,0.0,2026-02-23
2026-02-28,S019,P0100,0,2,1,0.0,2026-02-19
2026-02-28,S019,P0101,0,2,1,0.0,2026-02-22
2026-02-28,S019,P0102,1,2,1,7.5,2026-02-24
2026-02-28,S019,P0103,0,2,1,0.0,2026-02-26
2026-02-28,S019,P0104,0,2,1,0.0,2026-02-27
2026-02-28,S019,P0105,4,2,1,9.0,2026-02-19
2026-02-28,S019,P0106,1,2,1,6.0,2026-02-26
2026-02-28,S019,P0107,0,2,1,0.0,2026-02-27
2026-02-28,S019,P0108,0,2,1,0.0,2026-02-24
2026-02-28,S019,P0109,0,2,1,0.0,2026-02-23
2026-02-28,S019,P0110,6,3,1,12.1,2026-02-25
2026-02-28,S019,P0111,1,2,1,8.6,2026-02-26
2026-02-28,S019,P0112,0,2,1,0.0,2026-02-28
2026-02-28,S019,P0113,0,2,1,0.0,2026-02-21
2026-02-28,S019,P0114,0,2,1,0.0,2026-02-26
2026-02-28,S019,P0115,0,2,1,0.0,2026-02-24
2026-02-28,S019,P0116,3,2,1,9.4,2026-02-24
2026-02-28,S019,P0117,2,2,1,11.2,2026-02-18
2026-02-28,S019,P0118,4,3,1,8.0,2026-02-21
2026-02-28,S019,P0119,0,2,1,0.0,2026-02-24
2026-02-28,S019,P0120,0,2,1,0.0,2026-02-28
2026-02-28,S019,P0121,0,2,1,0.0,2026-02-24
2026-02-28,S019,P0122,0,2,1,0.0,2026-02-28
2026-02-28,S019,P0123,0,2,1,0.0,2026-02-27
2026-02-28,S019,P0124,1,2,1,4.5,2026-02-19
2026-02-28,S019,P0125,0,2,1,0.0,2026-02-23
2026-02-28,S019,P0126,0,2,1,0.0,2026-02-20
2026-02-28,S019,P0127,0,2,1,0.0,2026-02-20
2026-02-28,S019,P0128,4,3,1,8.4,2026-02-23
2026-02-28,S019,P0129,0,2,1,0.0,2026-02-19
2026-02-28,S019,P0130,2,2,1,10.0,2026-02-25
2026-02-28,S019,P0131,0,2,1,0.0,2026-02-23
2026-02-28,S019,P0132,0,2,1,0.0,2026-02-26
2026-02-28,S019,P0133,1,2,1,4.1,2026-02-25
2026-02-28,S019,P0134,0,2,1,0.0,2026-02-23
2026-02-28,S019,P0135,0,2,1,0.0,2026-02-28
2026-02-28,S019,P0136,0,2,1,0.0,2026-02-23
2026-02-28,S019,P0137,0,2,1,0.0,2026-02-25
2026-02-28,S019,P0138,3,2,1,8.1,2026-02-23
2026-02-28,S019,P0139,1,2,1,4.6,2026-02-25
2026-02-28,S019,P0140,0,2,1,0.0,2026-02-23
2026-02-28,S019,P0141,3,2,1,9.6,2026-02-24
2026-02-28,S019,P0142,1,2,1,7.5,2026-02-26
2026-02-28,S019,P0143,1,2,1,15.0,2026-02-27
2026-02-28,S019,P0144,2,2,1,6.0,2026-02-18
2026-02-28,S019,P0145,6,2,1,13.1,2026-02-26
2026-02-28,S019,P0146,0,2,1,0.0,2026-02-22
2026-02-28,S019,P0147,0,2,1,0.0,2026-02-28
2026-02-28,S019,P0148,1,2,1,7.5,2026-02-28
2026-02-28,S019,P0149,0,2,1,0.0,2026-02-18
2026-02-28,S019,P0150,0,2,1,0.0,2026-02-26
2026-02-28,S019,P0151,1,2,1,5.6,2026-02-20
2026-02-28,S019,P0152,2,2,1,7.6,2026-02-20
2026-02-28,S019,P0153,3,3,1,6.0,2026-02-26
2026-02-28,S019,P0154,0,2,1,0.0,2026-02-19
2026-02-28,S019,P0155,0,2,1,0.0,2026-02-26
2026-02-28,S019,P0156,0,2,1,0.0,2026-02-21
2026-02-28,S019,P0157,0,2,1,0.0,2026-02-23
2026-02-28,S019,P0158,0,2,1,0.0,2026-02-24
2026-02-28,S019,P0159,0,2,1,0.0,2026-02-25
2026-02-28,S019,P0160,1,2,1,7.5,2026-02-22
2026-02-28,S019,P0161,0,2,1,0.0,2026-02-27
2026-02-28,S019,P0162,0,2,1,0.0,2026-02-27
2026-02-28,S019,P0163,0,2,1,0.0,2026-02-22
2026-02-28,S019,P0164,1,2,1,7.5,2026-02-27
2026-02-28,S019,P0165,0,2,1,0.0,2026-02-21
2026-02-28,S019,P0166,0,2,1,0.0,2026-02-22
2026-02-28,S019,P0167,0,2,1,0.0,2026-02-19
2026-02-28,S019,P0168,1,2,1,2.8,2026-02-21
2026-02-28,S019,P0169,0,2,1,0.0,2026-02-22
2026-02-28,S019,P0170,2,2,1,5.2,2026-02-21
2026-02-28,S019,P0171,0,2,1,0.0,2026-02-20
2026-02-28,S019,P0172,1,2,1,5.6,2026-02-24
2026-02-28,S019,P0173,0,2,1,0.0,2026-02-25
2026-02-28,S019,P0174,2,2,1,7.5,2026-02-22
2026-02-28,S019,P0175,0,2,1,0.0,2026-02-24
2026-02-28,S019,P0176,0,2,1,0.0,2026-02-25
2026-02-28,S019,P0177,0,2,1,0.0,2026-02-23
2026-02-28,S019,P0178,0,2,1,0.0,2026-02-21
2026-02-28,S019,P0179,0,2,1,0.0,2026-02-22
2026-02-28,S019,P0180,0,2,1,0.0,2026-02-25
2026-02-28,S019,P0181,4,3,1,8.9,2026-02-23
2026-02-28,S019,P0182,1,2,1,7.5,2026-02-27
2026-02-28,S019,P0183,0,2,1,0.0,2026-02-18
2026-02-28,S019,P0184,2,2,1,4.9,2026-02-19
2026-02-28,S019,P0185,1,2,1,5.9,2026-02-27
2026-02-28,S019,P0186,0,2,1,0.0,2026-02-21
2026-02-28,S019,P0187,1,2,1,5.0,2026-02-23
2026-02-28,S019,P0188,0,2,1,0.0,2026-02-26
2026-02-28,S019,P0189,0,2,1,0.0,2026-02-25
2026-02-28,S019,P0190,0,2,1,0.0,2026-02-20
2026-02-28,S019,P0191,4,2,1,9.8,2026-02-27
2026-02-28,S019,P0192,4,2,1,8.0,2026-02-25
2026-02-28,S020,P0001,0,2,1,0.0,2026-02-20
2026-02-28,S020,P0002,1,2,1,3.2,2026-02-21
2026-02-28,S020,P0003,5,2,1,12.7,2026-02-21
2026-02-28,S020,P0004,1,2,1,6.2,2026-02-22
2026-02-28,S020,P0005,0,2,1,0.0,2026-02-21
2026-02-28,S020,P0006,0,2,1,0.0,2026-02-23
2026-02-28,S020,P0007,0,2,1,0.0,2026-02-20
2026-02-28,S020,P0008,3,2,1,7.2,2026-02-20
2026-02-28,S020,P0009,0,2,1,0.0,2026-02-24
2026-02-28,S020,P0010,5,2,1,10.3,2026-02-25
2026-02-28,S020,P0011,1,3,1,2.2,2026-02-23
2026-02-28,S020,P0012,0,2,1,0.0,2026-02-26
2026-02-28,S020,P0013,2,2,1,4.5,2026-02-20
2026-02-28,S020,P0014,1,2,1,4.7,2026-02-18
2026-02-28,S020,P0015,0,2,1,0.0,2026-02-24
2026-02-28,S020,P0016,5,2,1,13.3,2026-02-19
2026-02-28,S020,P0017,0,2,1,0.0,2026-02-25
2026-02-28,S020,P0018,0,2,1,0.0,2026-02-23
2026-02-28,S020,P0019,0,2,1,0.0,2026-02-19
2026-02-28,S020,P0020,0,2,1,0.0,2026-02-19
2026-02-28,S020,P0021,0,2,1,0.0,2026-02-25
2026-02-28,S020,P0022,3,2,1,9.9,2026-02-26
2026-02-28,S020,P0023,0,2,1,0.0,2026-02-24
2026-02-28,S020,P0024,0,2,1,0.0,2026-02-27
2026-02-28,S020,P0025,1,2,1,5.1,2026-02-28
2026-02-28,S020,P0026,0,2,1,0.0,2026-02-26
2026-02-28,S020,P0027,0,2,1,0.0,2026-02-24
2026-02-28,S020,P0028,0,2,1,0.0,2026-02-27
2026-02-28,S020,P0029,2,2,1,9.2,2026-02-20
2026-02-28,S020,P0030,1,2,1,2.5,2026-02-18
2026-02-28,S020,P0031,1,2,1,2.8,2026-02-25
2026-02-28,S020,P0032,0,2,1,0.0,2026-02-23
2026-02-28,S020,P0033,0,2,1,0.0,2026-02-19
2026-02-28,S020,P0034,0,2,1,0.0,2026-02-23
2026-02-28,S020,P0035,4,2,1,12.9,2026-02-28
2026-02-28,S020,P0036,0,2,1,0.0,2026-02-26
2026-02-28,S020,P0037,0,2,1,0.0,2026-02-25
2026-02-28,S020,P0038,1,2,1,9.7,2026-02-27
2026-02-28,S020,P0039,0,2,1,0.0,2026-02-19
2026-02-28,S020,P0040,0,2,1,0.0,2026-02-21
2026-02-28,S020,P0041,2,2,1,6.0,2026-02-23
2026-02-28,S020,P0042,0,2,1,0.0,2026-02-26
2026-02-28,S020,P0043,3,3,1,6.1,2026-02-24
2026-02-28,S020,P0044,1,2,1,5.0,2026-02-22
2026-02-28,S020,P0045,0,2,1,0.0,2026-02-20
2026-02-28,S020,P0046,0,2,1,0.0,2026-02-23
2026-02-28,S020,P0047,2,2,1,10.0,2026-02-25
2026-02-28,S020,P0048,0,2,1,0.0,2026-02-28
2026-02-28,S020,P0049,0,2,1,0.0,2026-02-28
2026-02-28,S020,P0050,2,2,1,6.8,2026-02-26
2026-02-28,S020,P0051,0,2,1,0.0,2026-02-23
2026-02-28,S020,P0052,1,2,1,5.0,2026-02-24
2026-02-28,S020,P0053,1,2,1,7.5,2026-02-24
2026-02-28,S020,P0054,1,2,1,15.0,2026-02-18
2026-02-28,S020,P0055,5,2,1,13.4,2026-02-28
2026-02-28,S020,P0056,0,2,1,0.0,2026-02-23
2026-02-28,S020,P0057,0,2,1,0.0,2026-02-28
2026-02-28,S020,P0058,0,2,1,0.0,2026-02-24
2026-02-28,S020,P0059,0,2,1,0.0,2026-02-23
2026-02-28,S020,P0060,3,2,1,6.4,2026-02-20
2026-02-28,S020,P0061,2,2,1,6.3,2026-02-23
2026-02-28,S020,P0062,0,2,1,0.0,2026-02-18
2026-02-28,S020,P0063,3,2,1,9.7,2026-02-26
2026-02-28,S020,P0064,0,2,1,0.0,2026-02-19
2026-02-28,S020,P0065,3,2,1,6.1,2026-02-18
2026-02-28,S020,P0066,0,2,1,0.0,2026-02-21
2026-02-28,S020,P0067,1,2,1,3.5,2026-02-20
2026-02-28,S020,P0068,0,2,1,0.0,2026-02-20
2026-02-28,S020,P0069,0,2,1,0.0,2026-02-22
2026-02-28,S020,P0070,0,2,1,0.0,2026-02-20
2026-02-28,S020,P0071,0,2,1,0.0,2026-02-28
2026-02-28,S020,P0072,2,2,1,4.4,2026-02-28
2026-02-28,S020,P0073,2,2,1,5.2,2026-02-28
2026-02-28,S020,P0074,0,2,1,0.0,2026-02-22
2026-02-28,S020,P0075,1,2,1,9.3,2026-02-28
2026-02-28,S020,P0076,3,2,1,10.1,2026-02-22
2026-02-28,S020,P0077,0,2,1,0.0,2026-02-23
2026-02-28,S020,P0078,0,2,1,0.0,2026-02-19
2026-02-28,S020,P0079,0,2,1,0.0,2026-02-18
2026-02-28,S020,P0080,0,2,1,0.0,2026-02-25
2026-02-28,S020,P0081,1,2,1,5.2,2026-02-22
2026-02-28,S020,P0082,0,2,1,0.0,2026-02-19
2026-02-28,S020,P0083,1,2,1,7.6,2026-02-26
2026-02-28,S020,P0084,4,2,1,11.3,2026-02-26
2026-02-28,S020,P0085,5,2,1,11.6,2026-02-27
2026-02-28,S020,P0086,3,2,1,10.6,2026-02-21
2026-02-28,S020,P0087,0,2,1,0.0,2026-02-24
2026-02-28,S020,P0088,0,2,1,0.0,2026-02-24
2026-02-28,S020,P0089,1,2,1,6.9,2026-02-25
2026-02-28,S020,P0090,0,2,1,0.0,2026-02-20
2026-02-28,S020,P0091,0,2,1,0.0,2026-02-26
2026-02-28,S020,P0092,1,2,1,3.2,2026-02-20
2026-02-28,S020,P0093,0,2,1,0.0,2026-02-23
2026-02-28,S020,P0094,0,2,1,0.0,2026-02-27
2026-02-28,S020,P0095,3,2,1,10.5,2026-02-21
2026-02-28,S020,P0096,0,2,1,0.0,2026-02-21
2026-02-28,S020,P0097,1,2,1,4.5,2026-02-22
2026-02-28,S020,P0098,0,2,1,0.0,2026-02-24
2026-02-28,S020,P0099,0,2,1,0.0,2026-02-23
2026-02-28,S020,P0100,1,2,1,10.0,2026-02-28
2026-02-28,S020,P0101,0,2,1,0.0,2026-02-25
2026-02-28,S020,P0102,2,2,1,5.4,2026-02-18
2026-02-28,S020,P0103,2,2,1,10.0,2026-02-28
2026-02-28,S020,P0104,0,2,1,0.0,2026-02-24
2026-02-28,S020,P0105,0,2,1,0.0,2026-02-27
2026-02-28,S020,P0106,3,2,1,9.0,2026-02-27
2026-02-28,S020,P0107,0,2,1,0.0,2026-02-28
2026-02-28,S020,P0108,1,2,1,6.0,2026-02-28
2026-02-28,S020,P0109,1,2,1,10.0,2026-02-20
2026-02-28,S020,P0110,0,2,1,0.0,2026-02-24
2026-02-28,S020,P0111,0,2,1,0.0,2026-02-26
2026-02-28,S020,P0112,1,2,1,10.0,2026-02-25
2026-02-28,S020,P0113,0,2,1,0.0,2026-02-25
2026-02-28,S020,P0114,0,2,1,0.0,2026-02-21
2026-02-28,S020,P0115,0,2,1,0.0,2026-02-18
2026-02-28,S020,P0116,2,2,1,6.5,2026-02-23
2026-02-28,S020,P0117,0,2,1,0.0,2026-02-22
2026-02-28,S020,P0118,0,2,1,0.0,2026-02-24
2026-02-28,S020,P0119,0,2,1,0.0,2026-02-19
2026-02-28,S020,P0120,0,2,1,0.0,2026-02-24
2026-02-28,S020,P0121,0,2,1,0.0,2026-02-27
2026-02-28,S020,P0122,1,2,1,6.2,2026-02-19
2026-02-28,S020,P0123,1,2,1,30.0,2026-02-20
2026-02-28,S020,P0124,3,2,1,8.2,2026-02-18
2026-02-28,S020,P0125,5,2,1,11.7,2026-02-25
2026-02-28,S020,P0126,2,2,1,7.5,2026-02-20
2026-02-28,S020,P0127,1,2,1,10.0,2026-02-23
2026-02-28,S020,P0128,0,2,1,0.0,2026-02-19
2026-02-28,S020,P0129,0,2,1,0.0,2026-02-22
2026-02-28,S020,P0130,0,2,1,0.0,2026-02-25
2026-02-28,S020,P0131,0,2,1,0.0,2026-02-28
2026-02-28,S020,P0132,0,2,1,0.0,2026-02-20
2026-02-28,S020,P0133,0,2,1,0.0,2026-02-20
2026-02-28,S020,P0134,0,2,1,0.0,2026-02-22
2026-02-28,S020,P0135,2,2,1,4.3,2026-02-28
2026-02-28,S020,P0136,0,2,1,0.0,2026-02-19
2026-02-28,S020,P0137,2,2,1,7.2,2026-02-20
2026-02-28,S020,P0138,5,2,1,11.6,2026-02-25
2026-02-28,S020,P0139,2,2,1,9.0,2026-02-22
2026-02-28,S020,P0140,0,2,1,0.0,2026-02-22
2026-02-28,S020,P0141,2,2,1,9.3,2026-02-21
2026-02-28,S020,P0142,0,2,1,0.0,2026-02-26
2026-02-28,S020,P0143,0,2,1,0.0,2026-02-26
2026-02-28,S020,P0144,1,2,1,2.8,2026-02-24
2026-02-28,S020,P0145,0,2,1,0.0,2026-02-25
2026-02-28,S020,P0146,2,2,1,4.6,2026-02-28
2026-02-28,S020,P0147,0,2,1,0.0,2026-02-20
2026-02-28,S020,P0148,0,2,1,0.0,2026-02-27
2026-02-28,S020,P0149,0,2,1,0.0,2026-02-23
2026-02-28,S020,P0150,1,2,1,6.0,2026-02-27
2026-02-28,S020,P0151,1,2,1,10.0,2026-02-18
2026-02-28,S020,P0152,1,2,1,3.0,2026-02-19
2026-02-28,S020,P0153,2,2,1,8.2,2026-02-20
2026-02-28,S020,P0154,0,2,1,0.0,2026-02-23
2026-02-28,S020,P0155,0,2,1,0.0,2026-02-21
2026-02-28,S020,P0156,0,2,1,0.0,2026-02-18
2026-02-28,S020,P0157,0,2,1,0.0,2026-02-20
2026-02-28,S020,P0158,0,2,1,0.0,2026-02-19
2026-02-28,S020,P0159,0,2,1,0.0,2026-02-18
2026-02-28,S020,P0160,0,2,1,0.0,2026-02-21
2026-02-28,S020,P0161,0,2,1,0.0,2026-02-27
2026-02-28,S020,P0162,0,2,1,0.0,2026-02-19
2026-02-28,S020,P0163,2,2,1,12.0,2026-02-22
2026-02-28,S020,P0164,6,2,1,12.5,2026-02-26
2026-02-28,S020,P0165,0,2,1,0.0,2026-02-28
2026-02-28,S020,P0166,0,2,1,0.0,2026-02-28
2026-02-28,S020,P0167,3,2,1,7.8,2026-02-18
2026-02-28,S020,P0168,4,2,1,8.5,2026-02-25
2026-02-28,S020,P0169,0,2,1,0.0,2026-02-27
2026-02-28,S020,P0170,0,2,1,0.0,2026-02-26
2026-02-28,S020,P0171,0,2,1,0.0,2026-02-25
2026-02-28,S020,P0172,0,2,1,0.0,2026-02-23
2026-02-28,S020,P0173,0,2,1,0.0,2026-02-24
2026-02-28,S020,P0174,0,2,1,0.0,2026-02-23
2026-02-28,S020,P0175,0,2,1,0.0,2026-02-28
2026-02-28,S020,P0176,1,2,1,3.7,2026-02-26
2026-02-28,S020,P0177,0,2,1,0.0,2026-02-19
2026-02-28,S020,P0178,5,2,1,11.2,2026-02-20
2026-02-28,S020,P0179,3,2,1,7.4,2026-02-25
2026-02-28,S020,P0180,0,2,1,0.0,2026-02-22
2026-02-28,S020,P0181,1,2,1,8.6,2026-02-26
2026-02-28,S020,P0182,0,2,1,0.0,2026-02-19
2026-02-28,S020,P0183,0,2,1,0.0,2026-02-28
2026-02-28,S020,P0184,3,3,1,6.2,2026-02-22
2026-02-28,S020,P0185,0,2,1,0.0,2026-02-25
2026-02-28,S020,P0186,0,2,1,0.0,2026-02-28
2026-02-28,S020,P0187,0,2,1,0.0,2026-02-24
2026-02-28,S020,P0188,1,2,1,2.7,2026-02-20
2026-02-28,S020,P0189,1,2,1,4.3,2026-02-21
2026-02-28,S020,P0190,0,2,1,0.0,2026-02-20
2026-02-28,S020,P0191,6,2,1,12.0,2026-02-22
2026-02-28,S020,P0192,0,2,1,0.0,2026-02-25
